front,back,tags
"What is **Cache hit**?","Requested data found in cache","caches-and-cache-coherence|terminology"
"What is **Cache miss**?","Data must be fetched from lower level","caches-and-cache-coherence|terminology"
"What is **Cache line / block**?","Unit of transfer between cache levels","caches-and-cache-coherence|terminology"
"What is **Set-associative**?","Each address maps to one set of N possible lines","caches-and-cache-coherence|terminology"
"What is **Tag**?","Address bits identifying which memory block occupies a line","caches-and-cache-coherence|terminology"
"What is **Dirty line**?","Modified in cache but not yet written to lower level","caches-and-cache-coherence|terminology"
"What is **MESI**?","Modified, Exclusive, Shared, Invalid — coherence state machine","caches-and-cache-coherence|terminology"
"What is **Snooping**?","Cores monitor bus/interconnect for coherence transactions","caches-and-cache-coherence|terminology"
"What is **Directory**?","Per-line record of which cores hold copies (common at scale)","caches-and-cache-coherence|terminology"
"What is **False sharing**?","Independent data in same line causes unnecessary invalidations","caches-and-cache-coherence|terminology"
"What is **Write-through**?","Writes go immediately to lower level","caches-and-cache-coherence|terminology"
"What is **Write-back**?","Writes update cache; lower level updated on eviction","caches-and-cache-coherence|terminology"
"Summarize the core idea of **Caches and Cache Coherence**.","Caches bridge the speed gap between CPUs and main memory by keeping copies of recently used data close to the cores that need them. In multi-core systems, each core may hold its own copy of the same memory location — creating a coherence problem: when one core writes, all other copies must be updated or invalidated so software observes a consistent memory model.","caches-and-cache-coherence|summary"
"What is **ISA (Instruction Set Architecture)**?","The contract between software and hardware: opcodes, registers, addressing modes","cpu-and-memory-fundamentals|terminology"
"What is **Microarchitecture**?","How a specific CPU implements the ISA: pipeline depth, cache sizes, branch predictor","cpu-and-memory-fundamentals|terminology"
"What is **Register**?","Fastest storage inside the CPU; explicitly named in instructions","cpu-and-memory-fundamentals|terminology"
"What is **ALU (Arithmetic Logic Unit)**?","Executes integer arithmetic and bitwise operations","cpu-and-memory-fundamentals|terminology"
"What is **Pipeline**?","Overlaps instruction stages (fetch, decode, execute, writeback)","cpu-and-memory-fundamentals|terminology"
"What is **IPC (Instructions Per Cycle)**?","Average instructions retired per clock cycle","cpu-and-memory-fundamentals|terminology"
"What is **Cache line**?","Smallest unit of cache transfer, typically 64 bytes on x86-64 and ARM","cpu-and-memory-fundamentals|terminology"
"What is **DRAM**?","Dynamic random-access memory; main memory, volatile, refresh required","cpu-and-memory-fundamentals|terminology"
"What is **Memory hierarchy**?","Tiered storage from registers → L1 → L2 → L3 → DRAM → storage","cpu-and-memory-fundamentals|terminology"
"What is **NUMA (Non-Uniform Memory Access)**?","Memory attached to specific sockets; local access faster than remote","cpu-and-memory-fundamentals|terminology"
"What is **TLB (Translation Lookaside Buffer)**?","Cache for virtual-to-physical address translations","cpu-and-memory-fundamentals|terminology"
"What is **Prefetcher**?","Hardware or software mechanism that loads data before it is explicitly requested","cpu-and-memory-fundamentals|terminology"
"Summarize the core idea of **CPU and Memory Fundamentals**.","Modern servers execute billions of instructions per second, yet every instruction ultimately reduces to fetch-decode-execute cycles over bytes stored in memory. Understanding how the central processing unit (CPU) interacts with memory — registers, caches, main memory (DRAM), and persistent storage — is foundational for reasoning about latency, throughput, and correctness in distributed systems.","cpu-and-memory-fundamentals|summary"
"What is **Sequential consistency**?","All threads see same total order of operations consistent with program order","memory-ordering-and-concurrency|terminology"
"What is **Happens-before**?","Partial order; if A hb B, B observes A's effects","memory-ordering-and-concurrency|terminology"
"What is **Release/acquire**?","Release makes prior writes visible; acquire sees those writes","memory-ordering-and-concurrency|terminology"
"What is **Memory barrier / fence**?","Instruction preventing certain reorderings","memory-ordering-and-concurrency|terminology"
"What is **Store buffer**?","Per-core queue of pending writes not yet globally visible","memory-ordering-and-concurrency|terminology"
"What is **LoadLoad, StoreStore, LoadStore, StoreLoad**?","Barrier types by ordering edges","memory-ordering-and-concurrency|terminology"
"What is **Data race**?","Concurrent access, at least one write, no synchronization","memory-ordering-and-concurrency|terminology"
"What is **Relaxed atomic**?","Atomicity without ordering guarantees","memory-ordering-and-concurrency|terminology"
"What is **Seq_cst**?","Sequential consistency memory order (strongest in C++)","memory-ordering-and-concurrency|terminology"
"What is **Synchronizes-with**?","Release-acquire pair establishing happens-before","memory-ordering-and-concurrency|terminology"
"Summarize the core idea of **Memory Ordering and Concurrency**.","Modern CPUs reorder memory operations to hide latency and exploit instruction-level parallelism. Compilers add further reorderings when optimizing. In a multi-threaded program, these reorderings are invisible on a single thread but can produce surprising results across threads unless you establish ordering through synchronization primitives, atomics with explicit memory orders, or locks.","memory-ordering-and-concurrency|summary"
"What is **Socket**?","Endpoint for network communication (fd)","kernel-networking-and-io-uring|terminology"
"What is **Non-blocking I/O**?","Returns immediately if operation would block","kernel-networking-and-io-uring|terminology"
"What is **epoll**?","Linux scalable readiness notification","kernel-networking-and-io-uring|terminology"
"What is **Edge-triggered vs level-triggered**?","epoll notification semantics","kernel-networking-and-io-uring|terminology"
"What is **io_uring**?","Shared ring buffers for async I/O submission/completion","kernel-networking-and-io-uring|terminology"
"What is **SQ / CQ**?","Submission queue / completion queue","kernel-networking-and-io-uring|terminology"
"What is **sendfile**?","Kernel transfers data fd-to-socket without user buffer","kernel-networking-and-io-uring|terminology"
"What is **SO_REUSEPORT**?","Multiple sockets bind same port; kernel load spreads","kernel-networking-and-io-uring|terminology"
"What is **Backlog**?","Queue of incomplete connections (`listen`)","kernel-networking-and-io-uring|terminology"
"What is **Kernel bypass**?","User-space driver (DPDK) skipping full stack","kernel-networking-and-io-uring|terminology"
"Summarize the core idea of **Kernel Networking and io_uring**.","Application networking on Linux traditionally flows through BSD sockets, kernel TCP/IP stack, and readiness notification mechanisms (`select`, `poll`, `epoll`). Each syscall and buffer copy adds overhead at high connection counts and throughput. **io_uring** (Linux 5.1+) provides a shared submission/completion queue interface reducing syscall overhead and enabling linked, batched, and registered-buffer I/O.","kernel-networking-and-io-uring|summary"
"What is **Process**?","Address space + resources (file descriptors, credentials)","processes-threads-and-scheduling|terminology"
"What is **Thread**?","Schedulable execution context within a process","processes-threads-and-scheduling|terminology"
"What is **Context switch**?","Save/restore CPU state when changing runnable entity","processes-threads-and-scheduling|terminology"
"What is **PID / TID**?","Process ID; Thread ID","processes-threads-and-scheduling|terminology"
"What is **Fork / exec**?","Create process; load new program image","processes-threads-and-scheduling|terminology"
"What is **Run queue**?","Threads ready to execute","processes-threads-and-scheduling|terminology"
"What is **Time slice / quantum**?","Scheduled interval before preemption","processes-threads-and-scheduling|terminology"
"What is **CFS**?","Linux default fair scheduler using virtual runtime","processes-threads-and-scheduling|terminology"
"What is **Nice / priority**?","User-visible priority bias","processes-threads-and-scheduling|terminology"
"What is **cgroup**?","Resource limit and accounting group","processes-threads-and-scheduling|terminology"
"What is **NUMA affinity**?","Scheduler and allocator aware of socket topology","processes-threads-and-scheduling|terminology"
"Summarize the core idea of **Processes, Threads, and Scheduling**.","An operating system multiplexes hardware among many programs by abstracting **processes** (isolated address spaces with resources) and **threads** (units of execution within a process). The **scheduler** decides which runnable thread runs on which CPU core and for how long — balancing throughput, latency, and fairness.","processes-threads-and-scheduling|summary"
"What is **Virtual address**?","Address used by program","virtual-memory-and-io|terminology"
"What is **Physical address**?","Location in RAM","virtual-memory-and-io|terminology"
"What is **Page table**?","Maps virtual pages to physical frames","virtual-memory-and-io|terminology"
"What is **TLB**?","Cache of page table entries","virtual-memory-and-io|terminology"
"What is **Page fault**?","Access to unmapped or protected page triggers kernel handler","virtual-memory-and-io|terminology"
"What is **Major fault**?","Requires loading from disk","virtual-memory-and-io|terminology"
"What is **Minor fault**?","Mapping exists; no disk I/O","virtual-memory-and-io|terminology"
"What is **Copy-on-write (COW)**?","Share pages until write","virtual-memory-and-io|terminology"
"What is **mmap**?","Map file or anonymous memory into address space","virtual-memory-and-io|terminology"
"What is **Page cache**?","Kernel cache of file pages in memory","virtual-memory-and-io|terminology"
"What is **Swap**?","Evict cold pages to disk backing store","virtual-memory-and-io|terminology"
"What is **Direct I/O**?","Bypass page cache (`O_DIRECT`)","virtual-memory-and-io|terminology"
"Summarize the core idea of **Virtual Memory and I/O**.","Virtual memory gives each process an isolated, contiguous address space mapped by hardware and the OS onto physical RAM and backing store. Paging enables overcommit, copy-on-write, memory-mapped files, and efficient process creation. Block and file I/O move data between persistent storage and memory through layered kernel subsystems buffered, direct, or memory-mapped.","virtual-memory-and-io|summary"
"What is **TLS handshake**?","Negotiate crypto parameters and authenticate server","http-tls-and-quic|terminology"
"What is **Certificate chain**?","Leaf → intermediate → root CA","http-tls-and-quic|terminology"
"What is **SNI**?","Server Name Indication in TLS ClientHello","http-tls-and-quic|terminology"
"What is **ALPN**?","Application-Layer Protocol Negotiation (h2, http/1.1)","http-tls-and-quic|terminology"
"What is **AEAD**?","Authenticated encryption (e.g., AES-GCM, ChaCha20-Poly1305)","http-tls-and-quic|terminology"
"What is **mTLS**?","Mutual TLS — client and server certificates","http-tls-and-quic|terminology"
"What is **HOL blocking**?","Head-of-line blocking — one slow stream blocks others","http-tls-and-quic|terminology"
"What is **HTTP/2 frame**?","Length-type-flags-stream-id unit multiplexed on TCP","http-tls-and-quic|terminology"
"What is **QUIC**?","UDP transport with integrated TLS 1.3 and streams","http-tls-and-quic|terminology"
"What is **0-RTT**?","Early data on resumed QUIC/TLS connection — replay risk","http-tls-and-quic|terminology"
"Summarize the core idea of **HTTP, TLS, and QUIC**.","**HTTP** defines application-layer semantics for resources, methods, status codes, and headers — evolving from HTTP/1.1 (text, head-of-line blocking) to **HTTP/2** (binary framing, multiplexing on one TCP connection) to **HTTP/3** over **QUIC** (UDP-based, encrypted transport with stream multiplexing without TCP HOL blocking). **TLS** provides confidentiality, integrity, and authentication atop TCP (or within QUIC).","http-tls-and-quic|summary"
"What is **BGP**?","Inter-domain routing protocol exchanging path vectors","routing-load-balancing-and-congestion|terminology"
"What is **ASN**?","Autonomous System Number","routing-load-balancing-and-congestion|terminology"
"What is **Anycast**?","Same IP announced from multiple locations; route to nearest","routing-load-balancing-and-congestion|terminology"
"What is **L4 LB**?","Distributes based on IP/port (TCP/UDP)","routing-load-balancing-and-congestion|terminology"
"What is **L7 LB**?","Routes based on HTTP headers, paths, cookies","routing-load-balancing-and-congestion|terminology"
"What is **ECMP**?","Equal-cost multipath — hash flows across links","routing-load-balancing-and-congestion|terminology"
"What is **Consistent hashing**?","Minimal key redistribution when nodes change","routing-load-balancing-and-congestion|terminology"
"What is **CWND**?","Congestion window — sender's allowed in-flight data","routing-load-balancing-and-congestion|terminology"
"What is **RTT fairness**?","Flows with longer RTT get lower throughput under some CCAs","routing-load-balancing-and-congestion|terminology"
"What is **Bufferbloat**?","Excessive queueing delay in buffers","routing-load-balancing-and-congestion|terminology"
"What is **SYN proxy**?","LB completes handshake on behalf of backends","routing-load-balancing-and-congestion|terminology"
"Summarize the core idea of **Routing, Load Balancing, and Congestion**.","**IP routing** determines which path packets take across autonomous systems — from host default gateways to **BGP** (Border Gateway Protocol) exchanging reachability between ISPs and data centers. **Load balancers** distribute traffic across backends at Layer 4 (connection) or Layer 7 (HTTP). **TCP congestion control** algorithms adjust send rates when the network signals overload — affecting throughput and fairness for every large transfer and many RPC workloads.","routing-load-balancing-and-congestion|summary"
"What is **IP address**?","Network-layer host identifier","tcp-ip-fundamentals|terminology"
"What is **Port**?","Transport-layer multiplexing within host","tcp-ip-fundamentals|terminology"
"What is **Socket**?","(address, port, protocol) endpoint","tcp-ip-fundamentals|terminology"
"What is **SYN / ACK / FIN**?","TCP control flags","tcp-ip-fundamentals|terminology"
"What is **Three-way handshake**?","SYN → SYN-ACK → ACK establishes connection","tcp-ip-fundamentals|terminology"
"What is **RTT**?","Round-trip time","tcp-ip-fundamentals|terminology"
"What is **MSS**?","Maximum segment size","tcp-ip-fundamentals|terminology"
"What is **MTU**?","Maximum transmission unit on link","tcp-ip-fundamentals|terminology"
"What is **TTL**?","IP time-to-live (hop limit)","tcp-ip-fundamentals|terminology"
"What is **DNS**?","Distributed naming system","tcp-ip-fundamentals|terminology"
"What is **NAT**?","Network address translation","tcp-ip-fundamentals|terminology"
"What is **TIME_WAIT**?","Post-close state ensuring delayed segments drain","tcp-ip-fundamentals|terminology"
"Summarize the core idea of **TCP/IP Fundamentals**.","The Internet protocol suite layers abstractions from physical links to applications. **IP** provides best-effort datagram delivery with addressing and routing. **TCP** adds reliable, ordered byte-stream delivery with flow control and congestion control atop IP. Together they underpin nearly every microservice RPC, database connection, and message queue protocol in production.","tcp-ip-fundamentals|summary"
"What is **Crash-stop (fail-stop)**?","A process runs correctly until it halts permanently; no recovery, no arbitrary behavior","distributed-system-models|terminology"
"What is **Crash-recovery**?","A process may crash and restart; volatile state may be lost; stable storage may survive","distributed-system-models|terminology"
"What is **Omission fault**?","A process or channel fails to send or deliver a message","distributed-system-models|terminology"
"What is **Byzantine fault**?","A process may behave arbitrarily: lie, equivocate, or collude","distributed-system-models|terminology"
"What is **Asynchronous system**?","No upper bound on message delay or processing time; clocks are not trustworthy for coordination","distributed-system-models|terminology"
"What is **Synchronous system**?","Known upper bounds on message delay and step duration; timeouts are meaningful","distributed-system-models|terminology"
"What is **Partial synchrony**?","The system is asynchronous for some period, then becomes synchronous after an unknown global stabilization time (GST)","distributed-system-models|terminology"
"What is **Failure detector**?","A module that provides `suspect(p)` / `trust(p)` hints; must eventually be accurate in partial synchrony","distributed-system-models|terminology"
"What is **FLP impossibility**?","No deterministic consensus in asynchronous crash-stop systems, even with one faulty process","distributed-system-models|terminology"
"What is **GST (Global Stabilization Time)**?","Unknown time after which partial synchrony holds","distributed-system-models|terminology"
"Summarize the core idea of **Distributed System Models**.","A **distributed system model** is the set of assumptions an algorithm or architecture makes about process behavior, network behavior, and timing. Every correctness argument—safety, liveness, fault tolerance—holds *only relative to a model*. Choosing the wrong model is one of the most expensive mistakes in production: you may deploy an algorithm proven correct under crash-stop assumptions into an environment with Byzantine actors, unbounded delays, or crash-recovery with lost in-memory state.","distributed-system-models|summary"
"What is **Suspect / trust**?","Local state: process `p` is suspected crashed or trusted alive","failure-detectors|terminology"
"What is **Perfect failure detector (P)**?","Strong completeness + strong accuracy: eventually every crashed process is permanently suspected by every correct process, and no correct process is ever suspected","failure-detectors|terminology"
"What is **Imperfect failure detector**?","Violates strong completeness and/or strong accuracy","failure-detectors|terminology"
"What is **◇P (eventually perfect)**?","Strong completeness + **eventual** strong accuracy: after some time, correct processes are never suspected","failure-detectors|terminology"
"What is **◊P (weakly perfect)**?","Strong completeness + weak accuracy","failure-detectors|terminology"
"What is **Strong completeness**?","Eventually, every crashed process is permanently suspected by **every** correct process","failure-detectors|terminology"
"What is **Weak completeness**?","Eventually, every crashed process is suspected by **some** correct process","failure-detectors|terminology"
"What is **Strong accuracy**?","No correct process is **ever** suspected","failure-detectors|terminology"
"What is **Weak accuracy**?","Eventually, **some** correct process is never suspected","failure-detectors|terminology"
"What is **Heartbeat**?","Periodic message indicating a process is alive","failure-detectors|terminology"
"What is **Phi (φ) accrual**?","Adaptive suspicion score based on heartbeat inter-arrival statistics","failure-detectors|terminology"
"What is **Gossip / epidemic protocol**?","Peers periodically exchange membership and suspicion state; information spreads in O(log N) rounds","failure-detectors|terminology"
"What is **SWIM**?","Scalable Weakly-consistent Infection-style Membership protocol (used by Serf, Consul)","failure-detectors|terminology"
"What is **False positive**?","Suspecting a live (correct) process—accuracy violation","failure-detectors|terminology"
"What is **False negative**?","Failing to suspect a crashed process—completeness violation","failure-detectors|terminology"
"Summarize the core idea of **Failure Detectors**.","A **failure detector** is an oracle that outputs **suspicion** about whether remote processes have crashed. In a distributed system, no observer can know with certainty whether a silent peer is failed or merely slow—the fundamental indistinguishability that underlies the FLP impossibility result. Failure detectors make that uncertainty explicit: they trade **completeness** (eventually suspecting every crashed process) against **accuracy** (never suspecting correct processes, or doing so only tem","failure-detectors|summary"
"What is **Idempotent operation**?","Repeating the operation does not change outcome beyond the first successful application","idempotency|terminology"
"What is **Idempotency key**?","Client-supplied unique token (often UUID) identifying a single logical operation","idempotency|terminology"
"What is **Dedup store**?","Durable record mapping keys to request status and cached response","idempotency|terminology"
"What is **Natural idempotency**?","Idempotency inherent in the operation (e.g., `SET balance = 100`)","idempotency|terminology"
"What is **Idempotency token**?","Synonym for idempotency key; used by Stripe, AWS APIs","idempotency|terminology"
"What is **At-least-once delivery**?","Message or request may arrive one or more times","idempotency|terminology"
"What is **Effectively exactly-once**?","At-least-once transport + idempotent processing","idempotency|terminology"
"What is **Request fingerprint**?","Hash of method, path, body used when client cannot supply a key","idempotency|terminology"
"What is **In-flight record**?","Dedup entry marked `processing` before side effects complete","idempotency|terminology"
"What is **Compare-and-swap (CAS)**?","Conditional write that succeeds only if version matches; enables idempotent upserts","idempotency|terminology"
"Summarize the core idea of **Idempotency**.","Idempotency is the property that makes **safe retries** possible in distributed systems. An operation is idempotent if executing it once or multiple times produces the same observable effect as executing it exactly once. Because networks drop responses, clients time out, and message brokers deliver at-least-once, duplicate execution is not an edge case — it is the default assumption for any mutating path that can be retried.","idempotency|summary"
"What is **Partial failure**?","Some components fail while others continue; the system is neither fully up nor fully down","partial-failure|terminology"
"What is **Total failure**?","All replicas or all paths fail; often easier to detect","partial-failure|terminology"
"What is **Fail-fast**?","Detect failure quickly and return an error rather than block indefinitely","partial-failure|terminology"
"What is **Fail-silent**?","A crashed node stops sending messages (crash-stop model)","partial-failure|terminology"
"What is **Gray failure**?","A component is reachable but degraded; may violate SLOs without triggering health checks","partial-failure|terminology"
"What is **Split brain**?","Partitioned nodes each believe they are authoritative, risking conflicting writes","partial-failure|terminology"
"What is **Blast radius**?","Scope of impact when a component fails","partial-failure|terminology"
"What is **At-least-once delivery**?","Message or operation may be delivered more than once; requires idempotency","partial-failure|terminology"
"What is **Exactly-once semantics**?","Achieved in practice via idempotent operations + deduplication, not pure network magic","partial-failure|terminology"
"What is **Backpressure**?","Signaling upstream to slow ingestion when downstream is overloaded","partial-failure|terminology"
"What is **Bulkhead**?","Isolating resource pools so one tenant or dependency cannot exhaust shared capacity","partial-failure|terminology"
"Summarize the core idea of **Partial Failure**.","Partial failure is the defining characteristic that separates distributed systems from single-machine programs. In a distributed system, some components can fail while others continue operating — a database replica may crash, a network link may drop, or a service may become slow without crashing. The rest of the system must detect ambiguity, preserve safety where possible, and degrade gracefully rather than collapse entirely.","partial-failure|summary"
"What is **Safety**?","A property stating that something bad never happens. Violations are detectable in a **finite** prefix of an execution.","safety-and-liveness|terminology"
"What is **Liveness**?","A property stating that something good eventually happens. Violations require an **infinite** execution that never satisfies the property.","safety-and-liveness|terminology"
"What is **Invariant**?","A condition that holds in every reachable state of a correct system; often the formal expression of a safety property.","safety-and-liveness|terminology"
"What is **Mutual exclusion**?","At most one process occupies the critical section at any time.","safety-and-liveness|terminology"
"What is **Deadlock-freedom**?","If some process requests the critical section, some request is eventually granted (system-level progress).","safety-and-liveness|terminology"
"What is **Starvation-freedom / bounded bypass**?","Every requesting process eventually enters; equivalently, there is a bound on how many times others may bypass a waiter.","safety-and-liveness|terminology"
"What is **Consensus**?","Agreement (all correct processes decide the same value), validity (only proposed values are decided), and **termination** (every correct process eventually decides).","safety-and-liveness|terminology"
"What is **Termination**?","A liveness property: the protocol does not run forever without delivering a result to correct participants.","safety-and-liveness|terminology"
"What is **Linearizability**?","A safety condition for concurrent objects: operations appear to occur at some instant between invocation and response, respecting sequential semantics.","safety-and-liveness|terminology"
"What is **Fencing token**?","A monotonically increasing token issued with a lease; storage rejects stale holders even if they believe they still hold the lock—restores safety when liveness heuristics fail.","safety-and-liveness|terminology"
"Summarize the core idea of **Safety and Liveness**.","Distributed systems fail in ways that single-machine programs do not. Processes crash, networks delay and drop messages, and clocks disagree. When you design coordination primitives—locks, leader election, consensus, transactional commit—you are really choosing which **correctness properties** the system will uphold under those failures.","safety-and-liveness|summary"
"What is **Node**?","A machine or virtual instance hosting one or more processes.","what-is-a-distributed-system|terminology"
"What is **Replica**?","A copy of data or service state on a distinct node.","what-is-a-distributed-system|terminology"
"What is **Partition (network)**?","A split where some nodes cannot communicate with others, though each side may still serve clients.","what-is-a-distributed-system|terminology"
"What is **Quorum**?","A minimum number of replicas that must participate in a read or write to ensure consistency properties.","what-is-a-distributed-system|terminology"
"What is **Idempotency**?","Property where performing an operation multiple times has the same effect as once—essential for safe retries.","what-is-a-distributed-system|terminology"
"What is **Linearizability**?","Strong consistency model: operations appear to execute atomically in some sequential order consistent with real-time ordering.","what-is-a-distributed-system|terminology"
"What is **Eventual consistency**?","Replicas converge given no new writes; reads may return stale data temporarily.","what-is-a-distributed-system|terminology"
"What is **Safety**?","Invariant that bad states never occur (e.g., no lost committed writes).","what-is-a-distributed-system|terminology"
"What is **Liveness**?","Guarantee that progress eventually occurs (e.g., every request eventually gets a response).","what-is-a-distributed-system|terminology"
"What is **CAP theorem**?","In the presence of a network partition, a system must choose between linearizability (Consistency in Gilbert & Lynch's formulation) and Availability for every request.","what-is-a-distributed-system|terminology"
"What is **Shared-nothing**?","Architecture where nodes do not share disks or memory; coordination is explicit.","what-is-a-distributed-system|terminology"
"Summarize the core idea of **What Is a Distributed System?**.","A **distributed system** is a collection of autonomous computing elements—processes running on separate machines connected by a network—that cooperate to achieve a shared goal while presenting, to users or other systems, the illusion of a single coherent service. The defining characteristic is not geographic spread or microservice count; it is **independent failure**: components can fail, slow down, or become unreachable while others continue operating. That property transforms every design deci","what-is-a-distributed-system|summary"
"What is **Event**?","An instantaneous occurrence: a local step, a send, or a receive at one process","lamport-clocks|terminology"
"What is **Happens-before (→)**?","Irreflexive partial order: same-process order, send-before-receive, plus transitivity","lamport-clocks|terminology"
"What is **Concurrent events**?","*a* and *b* are concurrent if neither *a* → *b* nor *b* → *a* (written *a* ∥ *b*)","lamport-clocks|terminology"
"What is **Logical clock**?","A function *C* mapping each event *e* to an integer *C(e)*","lamport-clocks|terminology"
"What is **Clock condition**?","If *a* → *b*, then *C(a) < C(b)*","lamport-clocks|terminology"
"What is **Lamport timestamp**?","The value *C(e)* assigned by a Lamport clock to event *e*","lamport-clocks|terminology"
"What is **Total order extension**?","Order all events by `(C(e), process_id(e))` lexicographically to break ties among concurrent events","lamport-clocks|terminology"
"What is **Causal order**?","The partial order →; respects true cause-and-effect chains","lamport-clocks|terminology"
"What is **Scalar clock**?","Lamport clocks are scalar—one integer per event, not a vector per process","lamport-clocks|terminology"
"Summarize the core idea of **Lamport Clocks**.","In a distributed system, there is no global clock that all processes agree on. Physical timestamps from NTP-synchronized wall clocks can disagree by milliseconds—or jump backward after corrections—so you cannot reliably infer causal order from `time.now()` alone. Leslie Lamport's 1978 paper, [""Time, Clocks, and the Ordering of Events in a Distributed System""](https://lamport.azurewebsites.net/pubs/time-clocks.pdf), introduced a **logical clock** mechanism: each process maintains a monotonically ","lamport-clocks|summary"
"What is **Event**?","An identifiable occurrence: send, receive, local step, or persistent write.","ordering-of-events|terminology"
"What is **Happens-before (\(\rightarrow\))**?","Causal precedence relation; if \(a \rightarrow b\), observers must not act as if \(b\) preceded \(a\).","ordering-of-events|terminology"
"What is **Concurrent events (\(\parallel\))**?","Neither \(a \rightarrow b\) nor \(b \rightarrow a\); no causal link.","ordering-of-events|terminology"
"What is **Causal order / causal consistency**?","Operations respect happens-before; concurrent operations may be seen in different orders by different observers.","ordering-of-events|terminology"
"What is **Total order**?","For any two events \(a, b\) in the scope, either \(a\) precedes \(b\) or \(b\) precedes \(a\) in the declared sequence.","ordering-of-events|terminology"
"What is **Partial order**?","Some event pairs are ordered; others remain concurrent.","ordering-of-events|terminology"
"What is **Logical clock**?","A counter or vector assigned to events such that if \(a \rightarrow b\) then \(\text\{clock\}(a) < \text\{clock\}(b)\) (Lamport); vector clocks strengthen this for concurrency detection.","ordering-of-events|terminology"
"What is **Global sequence number**?","A monotonically increasing identifier assigned by a central or consensus-backed authority defining total order.","ordering-of-events|terminology"
"What is **Partition key**?","Field used to route related events to the same ordered shard (e.g., Kafka partition).","ordering-of-events|terminology"
"What is **Per-partition ordering**?","Broker preserves order of writes as observed by a single consumer reading one partition sequentially.","ordering-of-events|terminology"
"What is **Idempotent consumer**?","Consumer that can safely process duplicate or reordered deliveries when combined with deduplication keys.","ordering-of-events|terminology"
"What is **Fencing / generation**?","Token preventing stale leaders from appending out-of-order or duplicate entries after failover.","ordering-of-events|terminology"
"Summarize the core idea of **Ordering of Events**.","In a distributed system, there is no single shared clock that all processes agree on. Yet applications constantly need to answer: *Did event A happen before event B?* Should all observers see the same sequence of operations? Can we replay history deterministically?","ordering-of-events|summary"
"What is **Physical time / wall-clock time**?","Time from a real-time clock, usually mapped to UTC","physical-and-logical-time|terminology"
"What is **Logical time**?","A counter or vector used to order events by causality, not by wall clock","physical-and-logical-time|terminology"
"What is **Clock drift**?","The rate at which a clock diverges from true time (parts per million)","physical-and-logical-time|terminology"
"What is **Clock skew**?","The instantaneous difference between two clocks at a moment in time","physical-and-logical-time|terminology"
"What is **Offset**?","Estimated correction applied to align a clock with a reference","physical-and-logical-time|terminology"
"What is **NTP (Network Time Protocol)**?","UDP-based protocol (RFC 5905) for synchronizing clocks over IP networks","physical-and-logical-time|terminology"
"What is **Stratum**?","NTP hierarchy level; stratum 0 is reference clock, stratum 1 syncs to it, etc.","physical-and-logical-time|terminology"
"What is **PTP (Precision Time Protocol)**?","IEEE 1588 protocol for high-precision synchronization, often sub-millisecond on LAN","physical-and-logical-time|terminology"
"What is **Leap second**?","Occasional one-second adjustment to UTC to track Earth's rotation","physical-and-logical-time|terminology"
"What is **Smearing**?","Gradually spreading a leap-second adjustment over hours to avoid backward steps","physical-and-logical-time|terminology"
"What is **TrueTime**?","Spanner's API returning interval `[earliest, latest]` bounding actual time","physical-and-logical-time|terminology"
"What is **Uncertainty bound (ε)**?","Maximum half-width of TrueTime interval; commit-wait uses multiples of ε","physical-and-logical-time|terminology"
"What is **Monotonic clock**?","OS clock that never decreases (`CLOCK_MONOTONIC`); immune to NTP steps but not comparable across nodes","physical-and-logical-time|terminology"
"What is **Hybrid Logical Clock (HLC)**?","Combines physical and logical components; used in CockroachDB and similar systems","physical-and-logical-time|terminology"
"Summarize the core idea of **Physical and Logical Time**.","Distributed systems need a notion of **when** events happened. **Physical time**—wall-clock timestamps from real-time clocks—is intuitive and cheap to read, but it is **not a reliable primitive for correctness** across nodes. Clocks drift, synchronize imperfectly, and can jump backward during corrections or leap-second handling. **Logical time**—Lamport clocks, vector clocks, hybrid logical clocks—orders events by causality without trusting synchronized hardware.","physical-and-logical-time|summary"
"What is **Vector clock**?","Tuple \(V = [v_1, \ldots, v_n]\) where \(v_i\) counts events at \(P_i\) that are causally known at the current event.","vector-clocks|terminology"
"What is **Domination / less-than**?","\(V_1 \leq V_2\) iff \(\forall i: v_\{1i\} \leq v_\{2i\}\) and \(\exists j: v_\{1j\} < v_\{2j\}\). Denotes strict causal precedence in consistent comparisons.","vector-clocks|terminology"
"What is **Concurrent events**?","\(V_1 \parallel V_2\) iff neither \(V_1 \leq V_2\) nor \(V_2 \leq V_1\) (and \(V_1 \neq V_2\)).","vector-clocks|terminology"
"What is **Equal vectors**?","\(V_1 = V_2\) component-wise—same causal frontiers in the modeled system.","vector-clocks|terminology"
"What is **Causal delivery**?","Deliver message \(m\) only after all messages causally preceding \(m\) have been delivered.","vector-clocks|terminology"
"What is **Version vector**?","Per-**replica** (or per-node) counters attached to a **data object**, tracking which versions from each replica have been observed—used for replica divergence, not global event order.","vector-clocks|terminology"
"What is **Dot clock**?","Compressed vector clock using dotted version numbers; reduces size for sparse causality.","vector-clocks|terminology"
"What is **Matrix clock**?","Records knowledge of other processes' knowledge; stronger but \(O(n^2)\) space.","vector-clocks|terminology"
"Summarize the core idea of **Vector Clocks**.","**Vector clocks** extend Lamport's logical clocks to capture **causal ordering** among events in a distributed system. Where a Lamport timestamp gives a single integer that respects happens-before but cannot distinguish concurrent events, a vector clock maintains one counter per process. Comparing two vectors yields one of three outcomes: one event **happened-before** the other, the events are **concurrent** (neither caused the other), or the vectors are **equal** (same causal knowledge in the m","vector-clocks|summary"
"What is **Consensus**?","Each process proposes a value; all correct processes decide the same value, only proposed values are decided, each decides at most once, and all correct processes eventually decide","consensus-problem|terminology"
"What is **Agreement**?","No two correct processes decide different values (safety)","consensus-problem|terminology"
"What is **Validity**?","If a process decides v, then v was proposed by some process (safety)","consensus-problem|terminology"
"What is **Integrity / unanimity**?","A process decides at most once (safety)","consensus-problem|terminology"
"What is **Termination**?","Every correct process eventually decides (liveness)","consensus-problem|terminology"
"What is **Uniform consensus**?","All correct processes decide the same value; incorrect processes may decide arbitrarily or not at all—common in crash-stop literature","consensus-problem|terminology"
"What is **Non-uniform consensus**?","Correct processes agree; faulty processes are unconstrained","consensus-problem|terminology"
"What is **Atomic broadcast**?","Deliver the same messages in the same order to all correct processes; equivalent to consensus under certain reductions","consensus-problem|terminology"
"What is **Total order broadcast**?","Atomic broadcast with agreement on message sequence","consensus-problem|terminology"
"What is **State-machine replication**?","Replicas execute the same ordered commands on deterministic state machines","consensus-problem|terminology"
"What is **Quorum**?","A set of processes whose intersection with any two quorums is non-empty—enables safety via overlap","consensus-problem|terminology"
"What is **Proposal**?","A value a process offers for decision","consensus-problem|terminology"
"What is **Decision**?","The irrevocable output of the consensus instance","consensus-problem|terminology"
"Summarize the core idea of **The Consensus Problem**.","**Consensus** is the fundamental coordination problem in distributed systems: a set of processes, each holding a proposed value, must **agree** on a single output despite crashes, message loss, and unpredictable delays. The problem appears wherever independent nodes must pick one authoritative decision—who is the leader, whether a transaction commits, which configuration is active, or which operation belongs next in a replicated log.","consensus-problem|summary"
"What is **Server agent**?","Raft peer; stores state","consul|terminology"
"What is **Client agent**?","Lightweight; runs checks; caches","consul|terminology"
"What is **Catalog**?","Registered services and nodes","consul|terminology"
"What is **Service**?","Named logical service with instances","consul|terminology"
"What is **Check**?","Health probe (HTTP, TCP, TTL, script)","consul|terminology"
"What is **Serf**?","Gossip protocol for membership","consul|terminology"
"What is **Raft**?","Consensus for server state","consul|terminology"
"What is **Datacenter (DC)**?","Consul isolation/federation unit","consul|terminology"
"What is **ACL**?","Token-based authorization","consul|terminology"
"What is **Session**?","Lock/ephemeral binding with TTL","consul|terminology"
"What is **Connect**?","Service mesh with sidecar proxies","consul|terminology"
"What is **Intention**?","Allow/deny policy between services","consul|terminology"
"What is **Prepared query**?","Geo-failover / routing template","consul|terminology"
"What is **Blocking query**?","Long-poll with index for changes","consul|terminology"
"What is **Gossip encryption**?","Symmetric key for Serf traffic","consul|terminology"
"Summarize the core idea of **HashiCorp Consul**.","**HashiCorp Consul** is a multi-capability platform for **service networking**: **service discovery**, **health checking**, **KV configuration**, **multi-datacenter federation**, and **service mesh (Consul Connect)** with **mutual TLS**. Its **server agents** form a **Raft consensus cluster** that stores the **catalog** and **KV state**; **client agents** run on every node, forwarding queries and executing health checks locally.","consul|summary"
"What is **Lease**?","Time-bounded grant of exclusive right","distributed-leases|terminology"
"What is **TTL (time-to-live)**?","Duration until lease expires without renewal","distributed-leases|terminology"
"What is **Renewal / keepalive**?","Extend lease before expiry","distributed-leases|terminology"
"What is **Lease holder / grantee**?","Process with current valid lease","distributed-leases|terminology"
"What is **Fencing token**?","Monotonic ID issued with lease; storage rejects stale tokens","distributed-leases|terminology"
"What is **Stale lease holder**?","Process believing it holds lease after expiration","distributed-leases|terminology"
"What is **Grace period**?","Optional buffer before re-grant","distributed-leases|terminology"
"What is **Ephemeral znode**?","ZooKeeper session-bound node (lease-like)","distributed-leases|terminology"
"What is **Lease revocation**?","Administrative early termination","distributed-leases|terminology"
"What is **Split brain (lease context)**?","Two holders believe exclusivity—must prevent at storage","distributed-leases|terminology"
"What is **Safety margin**?","TTL minus renewal interval minus max pause","distributed-leases|terminology"
"Summarize the core idea of **Distributed Leases**.","A **distributed lease** grants a holder **time-limited, exclusive rights** to a resource—a lock, a shard, write authority, or leadership—across processes that do not share memory or clocks. Leases decouple **liveness** from **safety**: if the holder stops renewing (crash, partition, GC pause), the lease **expires** and another participant may acquire the resource. Unlike pure consensus locks, leases trade **strict mutual exclusion under all delays** for **availability** and **automatic recovery*","distributed-leases|summary"
"What is **Member**?","etcd Raft peer","etcd|terminology"
"What is **Leader**?","Sole Raft writer for log entries","etcd|terminology"
"What is **Revision**?","Cluster-wide MVCC version counter","etcd|terminology"
"What is **Mod revision**?","Revision when key was last modified","etcd|terminology"
"What is **Create revision**?","Revision when key was created","etcd|terminology"
"What is **Lease**?","TTL grant; keys bound to lease expire together","etcd|terminology"
"What is **Compaction**?","Drop historical MVCC versions before revision","etcd|terminology"
"What is **Defragmentation**?","Reclaim disk after compaction","etcd|terminology"
"What is **Snapshot**?","Point-in-time state for new members / recovery","etcd|terminology"
"What is **Watch**?","Stream of events from revision onward","etcd|terminology"
"What is **Txn**?","Multi-op compare-and-swap transaction","etcd|terminology"
"What is **BoltDB / bbolt**?","Embedded storage engine (implementation detail)","etcd|terminology"
"What is **Quota backend bytes**?","Storage size limit per member","etcd|terminology"
"Summarize the core idea of **etcd**.","**etcd** is an open-source, **strongly consistent**, distributed key-value store used as the **coordination and configuration backbone** for Kubernetes and many cloud-native systems. It exposes a gRPC **v3 API** with multi-version concurrency control (**MVCC**), **leases**, **transactions**, **watch streams**, and **concurrency primitives** built on a replicated log maintained by the **Raft** consensus algorithm.","etcd|summary"
"What is **Fencing token**?","Monotonic identifier proving freshness of write authority","fencing-tokens|terminology"
"What is **Lock service**?","Coordinator issuing tokens (etcd, ZooKeeper, Consul)","fencing-tokens|terminology"
"What is **Resource / storage layer**?","System that must reject stale tokens","fencing-tokens|terminology"
"What is **Stale leader**?","Node that lost authority but has not yet stopped writing","fencing-tokens|terminology"
"What is **Split brain**?","Two nodes both believing they have write authority","fencing-tokens|terminology"
"What is **Lease**?","Time-bounded lock; often paired with fencing","fencing-tokens|terminology"
"What is **Generation number**?","Similar concept in GFS, HDFS block generations","fencing-tokens|terminology"
"What is **Epoch / term**?","Consensus logical clock; can serve as fencing epoch","fencing-tokens|terminology"
"What is **Check-and-set**?","Compare token before write; must be atomic with write","fencing-tokens|terminology"
"What is **Fail-closed**?","Reject ambiguous writes rather than accept","fencing-tokens|terminology"
"What is **Lock delay**?","Intentional wait before new primary writes (weak substitute)","fencing-tokens|terminology"
"What is **STONITH**?","Shoot The Other Node In The Head—hardware fencing alternative","fencing-tokens|terminology"
"Summarize the core idea of **Fencing Tokens**.","**Fencing tokens** are monotonically increasing numbers (or comparable epoch identifiers) issued by a **lock service** or **consensus-backed coordinator** when a client acquires exclusive authority—typically a **distributed lease** or leadership lock. Every subsequent write to a protected resource must carry the current token; the **resource** (database, block device, object store gateway) **rejects** operations whose token is less than the highest token it has already accepted.","fencing-tokens|summary"
"What is **Asynchronous system**?","No global clock; no bound on time between steps","flp-impossibility|terminology"
"What is **Bivalent configuration**?","A global configuration where both 0 and 1 remain possible decision outcomes","flp-impossibility|terminology"
"What is **Univalent configuration**?","Only one decision value is still reachable","flp-impossibility|terminology"
"What is **Admissible run**?","A fair execution where every sent message is eventually delivered if the sender never crashes","flp-impossibility|terminology"
"What is **Valency**?","The set of decision values still possible from a configuration","flp-impossibility|terminology"
"What is **Deterministic algorithm**?","No coin flips; same state + input → same next step","flp-impossibility|terminology"
"What is **Termination**?","Every correct process eventually decides","flp-impossibility|terminology"
"What is **FLP theorem**?","No deterministic async consensus tolerating one crash","flp-impossibility|terminology"
"What is **Partial synchrony**?","Eventually, unknown bound on message delays","flp-impossibility|terminology"
"What is **◇P (eventually perfect failure detector)**?","Eventually accurate crash detection—makes consensus solvable in async model","flp-impossibility|terminology"
"What is **Non-blocking vs blocking**?","FLP: cannot be non-blocking (terminate) in worst case without extra assumptions","flp-impossibility|terminology"
"Summarize the core idea of **FLP Impossibility**.","The **Fischer–Lynch–Patterson (FLP) impossibility result** (1985) is a foundational theorem in distributed computing: in a **fully asynchronous** message-passing system where even **one process** may crash, there is **no deterministic consensus algorithm** that guarantees both **agreement** (safety) and **termination** (liveness) in all executions.","flp-impossibility|summary"
"What is **Leader / primary**?","Designated coordinator for an epoch","leader-election|terminology"
"What is **Follower / replica**?","Non-leader that replicates leader's log","leader-election|terminology"
"What is **Candidate**?","Process seeking votes in an election","leader-election|terminology"
"What is **Term / epoch / view**?","Monotonic logical period; new leader ⇒ new term","leader-election|terminology"
"What is **Vote grant**?","Quorum member acknowledges candidacy","leader-election|terminology"
"What is **Split brain**?","Two leaders believed simultaneously—safety violation","leader-election|terminology"
"What is **Fencing**?","Reject stale leader's operations via monotonic tokens","leader-election|terminology"
"What is **Bully algorithm**?","Highest-ID live process becomes leader","leader-election|terminology"
"What is **Ring algorithm**?","Election message circulates token","leader-election|terminology"
"What is **Epoch number**?","ZooKeeper zxid epoch component; Raft term analog","leader-election|terminology"
"What is **Leader lease**?","Time-bound authority without per-operation quorum (requires clock/sync care)","leader-election|terminology"
"What is **Election restriction**?","(Raft) Candidate votes only if candidate's log is at least as up-to-date","leader-election|terminology"
"Summarize the core idea of **Leader Election**.","**Leader election** is the problem of choosing exactly one coordinator process among a group of peers, then maintaining that choice until the leader fails or is superseded. In distributed systems, election is rarely an isolated ceremony—it is the **gateway to ordered replication**: the leader serializes client writes, proposes log entries, and drives commit decisions while followers replicate.","leader-election|summary"
"What is **Configuration / membership**?","Set of voting servers and their identities","membership-changes|terminology"
"What is **C_old**?","Current configuration before change","membership-changes|terminology"
"What is **C_new**?","Target configuration after change","membership-changes|terminology"
"What is **C_old,new**?","Joint configuration requiring quorums in both","membership-changes|terminology"
"What is **Joint consensus**?","Overlapping quorum reconfiguration protocol","membership-changes|terminology"
"What is **Reconfiguration entry**?","Log command encoding membership change","membership-changes|terminology"
"What is **Cold standby**?","Node not in quorum until added","membership-changes|terminology"
"What is **Quorum intersection**?","Property enabling safety within one config","membership-changes|terminology"
"What is **Overlap quorum**?","Votes needed from both configs during joint phase","membership-changes|terminology"
"What is **Single-server change**?","Raft optimization adding/removing one peer at a time","membership-changes|terminology"
"What is **Replace member**?","Remove old ID, add new ID (two steps or joint)","membership-changes|terminology"
"What is **Configuration index**?","Log position where config takes effect","membership-changes|terminology"
"Summarize the core idea of **Membership Changes in Consensus**.","**Membership changes**—adding, removing, or replacing nodes in a consensus cluster—are among the most **error-prone** operations in distributed systems. Naive reconfiguration (switching atomically from configuration **C_old** to **C_new**) can create **two disjoint majorities**, each believing it has quorum, enabling **split-brain** writes and irreversible data corruption. Safe reconfiguration requires **overlapping quorums** during transition so no decision can be made without knowledge spannin","membership-changes|summary"
"What is **Slot / index**?","Position in replicated log; separate Paxos instance","multi-paxos|terminology"
"What is **Leader**?","Distinguished proposer holding current highest ballot","multi-paxos|terminology"
"What is **Follower**?","Acceptor + learner applying leader's log","multi-paxos|terminology"
"What is **Ballot / view**?","Leadership epoch identifier for all slots in term","multi-paxos|terminology"
"What is **No-op**?","Empty command to fill gaps and advance commit","multi-paxos|terminology"
"What is **In-flight Accept**?","Phase 2 for slot not yet chosen","multi-paxos|terminology"
"What is **Chosen slot**?","Majority accepted value at index i","multi-paxos|terminology"
"What is **Commit index**?","Highest slot known chosen and safe to apply","multi-paxos|terminology"
"What is **Log hole**?","Unchosen slot below higher chosen slot","multi-paxos|terminology"
"What is **Prepare once**?","Leader optimization: Phase 1 only on takeover","multi-paxos|terminology"
"What is **Pipeline**?","Multiple Accepts outstanding before prior slots chosen","multi-paxos|terminology"
"Summarize the core idea of **Multi-Paxos**.","**Multi-Paxos** extends Basic Paxos from deciding a **single value** to maintaining a **replicated log** of indefinitely many commands— the standard pattern for **state-machine replication**. The key optimization is a **stable leader** (distinguished proposer) that executes **Phase 1 (Prepare)** once per leadership epoch, then **pipelines Phase 2 (Accept)** for each log slot without repeating Prepare. Each slot index is an independent Paxos instance sharing the same acceptor set and ballot numbe","multi-paxos|summary"
"What is **Proposer**?","Initiates consensus by sending Prepare and Accept requests","paxos|terminology"
"What is **Acceptor**?","Votes on proposals; persists promises and accepted values","paxos|terminology"
"What is **Learner**?","Learns the chosen value once quorum accepts","paxos|terminology"
"What is **Ballot / proposal number**?","Unique, monotonically increasing identifier for a proposal attempt","paxos|terminology"
"What is **Prepare (Phase 1a)**?","Proposer asks acceptors to promise not to accept lower ballots","paxos|terminology"
"What is **Promise (Phase 1b)**?","Acceptor responds with promise and highest accepted value (if any)","paxos|terminology"
"What is **Accept (Phase 2a)**?","Proposer requests acceptors to accept a specific value","paxos|terminology"
"What is **Accepted (Phase 2b)**?","Acceptor records the accepted value for the ballot","paxos|terminology"
"What is **Chosen value**?","Value accepted by a majority of acceptors for some ballot","paxos|terminology"
"What is **Quorum**?","Set of acceptors sufficient for decision; typically majority","paxos|terminology"
"What is **Intersection property**?","Any two majorities share at least one acceptor","paxos|terminology"
"What is **Safe value**?","A value that may still be chosen; returned in Promise responses","paxos|terminology"
"Summarize the core idea of **Paxos**.","**Paxos** is the foundational consensus algorithm introduced by Leslie Lamport in *The Part-Time Parliament* (1998) and refined in *Paxos Made Simple* (2001). It solves **single-value consensus** among distributed processes despite crash failures and unreliable communication. Paxos decomposes participants into three roles—**proposers**, **acceptors**, and **learners**—and drives agreement through two phases: **Prepare** (promise not to accept lower-numbered proposals) and **Accept** (propose a v","paxos|summary"
"What is **Log entry**?","`(term, command)` at index i","raft|terminology"
"What is **Commit index**?","Highest log index known committed (replicated on majority)","raft|terminology"
"What is **Leader**?","Sole proposer for new entries in its term","raft|terminology"
"What is **Follower**?","Passive; responds to RPCs","raft|terminology"
"What is **Candidate**?","Seeking votes in current term","raft|terminology"
"What is **AppendEntries RPC**?","Leader replication heartbeat + entries","raft|terminology"
"What is **RequestVote RPC**?","Candidate solicits votes","raft|terminology"
"What is **Election restriction**?","Voter grants vote only if candidate's log is at least as up-to-date","raft|terminology"
"What is **Log matching property**?","Same index + term ⇒ identical prefixes","raft|terminology"
"What is **Leader completeness**?","Committed entry from prior term present on future leaders","raft|terminology"
"What is **State machine application**?","Apply committed entries in index order","raft|terminology"
"What is **Joint consensus**?","Overlapping majorities during membership change","raft|terminology"
"Summarize the core idea of **Raft Consensus**.","**Raft** is a consensus algorithm designed for **understandability** without sacrificing correctness (Ongaro & Ousterhout, 2014). It decomposes consensus into three relatively independent subproblems: **leader election**, **log replication**, and **safety**. A cluster elects at most one leader per **term**; the leader accepts client commands, appends them to its **replicated log**, and commits entries once replicated on a **majority**. Followers apply committed entries to deterministic **state m","raft|summary"
"What is **View**?","Epoch with unique view number and designated primary","viewstamped-replication|terminology"
"What is **View number**?","Monotonic integer identifying current configuration epoch","viewstamped-replication|terminology"
"What is **Primary**?","Leader replica for current view","viewstamped-replication|terminology"
"What is **Backup**?","Non-primary replica","viewstamped-replication|terminology"
"What is **Op-number**?","Monotonic sequence assigned by primary to each operation","viewstamped-replication|terminology"
"What is **Commit-number**?","Highest op-number known committed (replicated on quorum)","viewstamped-replication|terminology"
"What is **Prepared**?","Operation received and logged by replica (may not be committed)","viewstamped-replication|terminology"
"What is **View change**?","Transition to new view with new primary","viewstamped-replication|terminology"
"What is **VIEW-CHANGE message**?","Backup announces readiness for new view with log summary","viewstamped-replication|terminology"
"What is **NEW-VIEW message**?","New primary consolidates logs and starts view","viewstamped-replication|terminology"
"What is **Checkpoint**?","Stable snapshot for garbage collection","viewstamped-replication|terminology"
"What is **State transfer**?","Copy state to lagging replica","viewstamped-replication|terminology"
"Summarize the core idea of **Viewstamped Replication**.","**Viewstamped Replication (VSR)** is a consensus protocol developed by Barbara Liskov and colleagues (1988–2012) for **replicated state machines** using a **primary-backup** model organized by **views**. Each view has a unique **view number** and designates one **primary** replica; backups accept client operations only through the primary and participate in **view changes** when the primary is suspected failed. VSR predates Raft and Multi-Paxos popularization and influenced modern replicated-log","viewstamped-replication|summary"
"What is **Zab**?","ZooKeeper Atomic Broadcast protocol","zab|terminology"
"What is **zxid**?","64-bit transaction ID: epoch (high 32) + counter (low 32)","zab|terminology"
"What is **Epoch**?","Leadership era; increments on new leader election","zab|terminology"
"What is **Leader**?","Primary proposing transactions","zab|terminology"
"What is **Follower**?","Receives and acks proposals","zab|terminology"
"What is **Observer**?","Receives commits; does not vote in quorum","zab|terminology"
"What is **Recovery phase**?","Leader election + log sync before accepting writes","zab|terminology"
"What is **Broadcast phase**?","Steady-state transaction replication","zab|terminology"
"What is **Proposal**?","Leader's transaction package to followers","zab|terminology"
"What is **COMMIT**?","Leader notifies followers transaction committed","zab|terminology"
"What is **In-sync set**?","Followers caught up enough to form quorum","zab|terminology"
"What is **Data tree**?","In-memory hierarchical znode namespace","zab|terminology"
"What is **Session**?","Client connection state with timeout","zab|terminology"
"Summarize the core idea of **ZooKeeper Atomic Broadcast (Zab)**.","**Zab (ZooKeeper Atomic Broadcast)** is the consensus protocol powering **Apache ZooKeeper**—a coordination service for distributed systems (configuration, naming, locking, leader election). Zab provides **atomic broadcast**: a total order of transactions delivered identically to all servers, with **primary-backup** semantics organized by **epochs** and **transaction IDs (zxid)**. Unlike presenting as generic replicated log consensus, Zab is optimized for ZooKeeper's **in-memory data tree**, **s","zab|summary"
"What is **Ensemble**?","ZooKeeper cluster (usually odd size)","zookeeper|terminology"
"What is **Znode**?","Node in hierarchical namespace (like filesystem path)","zookeeper|terminology"
"What is **Persistent znode**?","Survives client disconnect","zookeeper|terminology"
"What is **Ephemeral znode**?","Deleted when session expires","zookeeper|terminology"
"What is **Sequential znode**?","Name suffixed with monotonic sequence","zookeeper|terminology"
"What is **Session**?","Client connection state with timeout","zookeeper|terminology"
"What is **Watch**?","One-time notification on znode change","zookeeper|terminology"
"What is **Zab**?","ZooKeeper Atomic Broadcast protocol","zookeeper|terminology"
"What is **Leader / Follower**?","Zab roles; leader orders writes","zookeeper|terminology"
"What is **Observer**?","Replicates without voting (scale reads)","zookeeper|terminology"
"What is **ACL**?","Per-znode access control","zookeeper|terminology"
"What is **Data tree**?","In-memory hierarchy + persistent snapshot/log","zookeeper|terminology"
"What is **zxid**?","ZooKeeper transaction id (64-bit: epoch + counter)","zookeeper|terminology"
"Summarize the core idea of **Apache ZooKeeper**.","**Apache ZooKeeper** is a distributed coordination service designed for **low-volume, high-value metadata**: configuration, naming, group membership, leader election, and distributed locks. Clients interact with a **hierarchical namespace** of **znodes** (data nodes) through a simple API—create, read, update, delete, and **watch** for changes. ZooKeeper's correctness rests on **Zab (ZooKeeper Atomic Broadcast)**, a consensus protocol specialized for **primary-backup atomic broadcast** of state t","zookeeper|summary"
"What is **Conflict**?","Incompatible concurrent versions of same logical object.","conflict-resolution|terminology"
"What is **Sibling**?","Coexisting versions not ordered by happens-before.","conflict-resolution|terminology"
"What is **Version vector**?","Per-replica counters detecting concurrency.","conflict-resolution|terminology"
"What is **Revision tree**?","CouchDB-style branching `_rev` history.","conflict-resolution|terminology"
"What is **LWW (last-writer-wins)**?","Pick version with highest timestamp.","conflict-resolution|terminology"
"What is **MVR (multi-value register)**?","Return all concurrent values to application.","conflict-resolution|terminology"
"What is **CRDT**?","Conflict-free replicated data type—algebraic merge.","conflict-resolution|terminology"
"What is **State-based CRDT**?","Merge full states (G-counter, G-set).","conflict-resolution|terminology"
"What is **Op-based CRDT**?","Replay commutative operations.","conflict-resolution|terminology"
"What is **Semantic merge**?","Domain function (union cart, max inventory).","conflict-resolution|terminology"
"What is **Tombstone**?","Deletion marker in CRDT sets—garbage collection issue.","conflict-resolution|terminology"
"What is **Hybrid logical clock (HLC)**?","Wall time + logical counter for ordering.","conflict-resolution|terminology"
"Summarize the core idea of **Conflict Resolution**.","**Conflict resolution** is the set of policies and mechanisms that determine how a replicated system converges when **concurrent or divergent writes** produce incompatible versions of the same data. In primary-secondary replication, conflicts are avoided by serializing writes at a single leader; in **multi-leader** and **leaderless** systems, conflicts are **expected**. Resolution strategies span the spectrum from **automatic** (last-writer-wins, CRDT merge) to **manual** (user chooses in UI) to","conflict-resolution|summary"
"What is **CRDT**?","Replicated datatype with conflict-free merge semantics.","crdts|terminology"
"What is **CvRDT (state-based)**?","Merge full states via join function ⊔.","crdts|terminology"
"What is **CmRDT (operation-based)**?","Apply operations; requires causal delivery.","crdts|terminology"
"What is **Join-semilattice**?","Partial order with least upper bound (join) that is commutative, associative, idempotent.","crdts|terminology"
"What is **SEC**?","Strong eventual consistency—same updates → same state.","crdts|terminology"
"What is **G-Counter**?","Grow-only counter; one component per replica.","crdts|terminology"
"What is **PN-Counter**?","Positive minus negative G-Counters.","crdts|terminology"
"What is **LWW-Register**?","Last-writer-wins register with (value, timestamp, replica id).","crdts|terminology"
"What is **OR-Set**?","Observed-removed set; add tagged; remove tombstones tags.","crdts|terminology"
"What is **Dot context**?","Metadata tracking unique operation identifiers (OR-Set, OR-Map).","crdts|terminology"
"What is **Anti-entropy**?","Background state exchange driving CvRDT convergence.","crdts|terminology"
"Summarize the core idea of **Conflict-Free Replicated Data Types**.","**Conflict-Free Replicated Data Types (CRDTs)** are replicated data structures whose states converge to the same value without coordination, provided replicas eventually receive each other's updates. The guarantee is formal: all replicas that have observed the same set of updates arrive at **identical** merged state—a **strong eventual consistency (SEC)** property stronger than generic eventual consistency, which only promises convergence without specifying the merged value.","crdts|summary"
"What is **N**?","Replication factor—replicas per key.","leaderless-replication|terminology"
"What is **W**?","Write quorum—acks required for write success.","leaderless-replication|terminology"
"What is **R**?","Read quorum—replicas consulted on read.","leaderless-replication|terminology"
"What is **Quorum intersection**?","R + W > N ensures overlap.","leaderless-replication|terminology"
"What is **Coordinator**?","Node routing client request to replicas.","leaderless-replication|terminology"
"What is **Consistent hashing**?","Partition keys across ring.","leaderless-replication|terminology"
"What is **Hinted handoff**?","Store write for temporarily down replica.","leaderless-replication|terminology"
"What is **Sloppy quorum**?","Write to fallback nodes outside preference list.","leaderless-replication|terminology"
"What is **Read repair**?","Update stale replicas during read.","leaderless-replication|terminology"
"What is **Anti-entropy**?","Background Merkle-tree sync between replicas.","leaderless-replication|terminology"
"What is **Sibling**?","Concurrent versions returned together.","leaderless-replication|terminology"
"What is **Version vector**?","Per-replica version metadata for concurrency.","leaderless-replication|terminology"
"Summarize the core idea of **Leaderless Replication**.","**Leaderless replication** (Dynamo-style) has **no fixed leader node**: clients send writes and reads to **multiple replicas** in parallel; the system uses **quorums** to determine durability and visibility. A write succeeds when **W replicas** acknowledge; a read consults **R replicas** and returns the **latest version** (by version number or vector clock). When **R + W > N** (for N replicas), reads and writes overlap on at least one node—providing a **quorum consistency** guarantee under stabl","leaderless-replication|summary"
"What is **Multi-leader / multi-master**?","Multiple nodes accept writes.","multi-leader-replication|terminology"
"What is **Active-active**?","All sites writable in normal operation.","multi-leader-replication|terminology"
"What is **Write conflict**?","Concurrent incompatible updates to same item.","multi-leader-replication|terminology"
"What is **Replication topology**?","Graph of leader-to-leader sync paths.","multi-leader-replication|terminology"
"What is **All-to-all**?","Every leader replicates to every other.","multi-leader-replication|terminology"
"What is **Circular topology**?","A→B→C→A chain—ordering hazards.","multi-leader-replication|terminology"
"What is **Revision tree**?","CouchDB-style branching history per document.","multi-leader-replication|terminology"
"What is **Vector clock**?","Detects concurrency across leaders.","multi-leader-replication|terminology"
"What is **LWW**?","Last-writer-wins—timestamp resolution.","multi-leader-replication|terminology"
"What is **Offline-first**?","Client as temporary leader.","multi-leader-replication|terminology"
"What is **Anti-entropy**?","Background sync between leaders.","multi-leader-replication|terminology"
"What is **Split-brain (multi-leader)**?","Divergent concurrent histories—not always fatal if merge exists.","multi-leader-replication|terminology"
"Summarize the core idea of **Multi-Leader Replication**.","**Multi-leader replication** (multi-master, active-active) allows **more than one node to accept writes** independently. Each leader processes local writes and **replicates changes to other leaders** asynchronously (typically). The model targets **multi-datacenter deployments**, **offline-first clients**, and **write locality**—users write to the nearest leader without cross-region RTT to a single primary. Kleppmann (*DDIA*, Chapter 5) identifies multi-leader as powerful but **conflict-prone**: ","multi-leader-replication|summary"
"What is **Primary / leader**?","Node accepting writes; appends to replication log.","primary-secondary-replication|terminology"
"What is **Secondary / follower / replica**?","Node applying log; may serve reads.","primary-secondary-replication|terminology"
"What is **Replication log**?","Ordered stream of changes (WAL, binlog, oplog).","primary-secondary-replication|terminology"
"What is **Synchronous replication**?","Primary waits for follower ack before commit ack to client.","primary-secondary-replication|terminology"
"What is **Asynchronous replication**?","Primary acks after local commit; followers catch up later.","primary-secondary-replication|terminology"
"What is **Replication lag**?","Delay between primary commit and follower application.","primary-secondary-replication|terminology"
"What is **Failover**?","Promote follower to primary after primary failure.","primary-secondary-replication|terminology"
"What is **Split-brain**?","Two nodes both believe they are primary—**safety violation**.","primary-secondary-replication|terminology"
"What is **Read replica**?","Secondary used for read scaling.","primary-secondary-replication|terminology"
"What is **Hot standby**?","Follower ready for immediate promotion.","primary-secondary-replication|terminology"
"What is **Semi-sync**?","Wait for at least one follower (MySQL semi-sync, etc.).","primary-secondary-replication|terminology"
"What is **Catch-up replication**?","New follower copies full snapshot then tails log.","primary-secondary-replication|terminology"
"Summarize the core idea of **Primary-Secondary Replication**.","**Primary-secondary replication** (also called **leader-follower** or **master-replica**) is the dominant replication topology in production databases: one **primary** (leader) accepts all writes; **secondaries** (followers) receive a **log** of changes and apply them locally. Clients may read from secondaries for scale and locality, but write ordering is centralized at the primary. Kleppmann (*DDIA*, Chapter 5) treats this as the default replication model because it avoids write conflicts while","primary-secondary-replication|summary"
"What is **Consistency (C)**?","All operations appear to execute **atomically** at a single instant, consistent with a sequential read/write register (equivalent to **linearizability** for the single-register case).","cap-theorem|terminology"
"What is **Availability (A)**?","Every request received by a **non-failing** node must result in a **non-error response** within a finite time, without the node knowing whether other nodes agree.","cap-theorem|terminology"
"What is **Partition tolerance (P)**?","The system continues to operate despite **arbitrary message loss** between nodes (network partitions are a manifestation).","cap-theorem|terminology"
"What is **Network partition**?","A period when messages between some pairs of nodes are not delivered.","cap-theorem|terminology"
"What is **CP (during partition)**?","Sacrifice availability: some requests fail or time out rather than violate linearizability.","cap-theorem|terminology"
"What is **AP (during partition)**?","Sacrifice linearizability: both sides may respond, possibly with divergent or stale data.","cap-theorem|terminology"
"What is **Brewer's conjecture (2000)**?","Informal claim that consistency, availability, and partition tolerance cannot all hold in the large-scale distributed systems setting.","cap-theorem|terminology"
"What is **CAP theorem (proved)**?","In an asynchronous network, a replicated read/write register cannot be C, A, and P simultaneously when a partition occurs.","cap-theorem|terminology"
"Summarize the core idea of **CAP Theorem**.","The **CAP theorem** formalizes a constraint on replicated data stores in distributed systems: when the network **partitions** so that nodes cannot communicate, a system cannot simultaneously provide **linearizable consistency** (Gilbert and Lynch's *C*) and **availability** (their *A*) for every request. **Partition tolerance** (*P*) is not an optional third knob—it reflects the reality that networks fail; the meaningful choice during a partition is between sacrificing strong consistency or sacr","cap-theorem|summary"
"What is **Causal consistency**?","All replicas respect happens-before ordering of operations.","causal-consistency|terminology"
"What is **Happens-before (\(\rightarrow\))**?","Lamport causal precedence among events.","causal-consistency|terminology"
"What is **Concurrent (\(\parallel\))**?","Neither operation causally precedes the other.","causal-consistency|terminology"
"What is **Causal delivery**?","Deliver operation only after all \(\rightarrow\) predecessors applied.","causal-consistency|terminology"
"What is **Causal past**?","Set of operations that causally precede a given operation.","causal-consistency|terminology"
"What is **Version vector**?","Per-replica counters on data for conflict detection (related algebra).","causal-consistency|terminology"
"What is **Session guarantee**?","Per-client ordering properties (read-your-writes, monotonic reads).","causal-consistency|terminology"
"What is **PRAM consistency**?","Per-process order preserved; weaker than causal in some formulations.","causal-consistency|terminology"
"What is **COPS**?","Don't-Reorder / causal+ consistency in geo-distributed KV (Lloyd et al.).","causal-consistency|terminology"
"What is **Lamport clock**?","Scalar; respects \(\rightarrow\) but cannot detect concurrency.","causal-consistency|terminology"
"Summarize the core idea of **Causal Consistency**.","**Causal consistency** is a replication model that preserves the **happens-before** relation among operations: if operation A causally precedes operation B (A \(\rightarrow\) B), every process must observe A before B. Operations that are **concurrent** (neither causally precedes the other) may be observed in different orders by different clients—unlike **linearizability**, which imposes a single real-time total order on all operations.","causal-consistency|summary"
"What is **Eventual consistency**?","If no new updates, all replicas eventually agree on value.","eventual-consistency|terminology"
"What is **Staleness**?","Read returns older value than another replica or than a prior acknowledged write.","eventual-consistency|terminology"
"What is **Convergence**?","Process by which replicas reach identical state.","eventual-consistency|terminology"
"What is **Anti-entropy**?","Background comparison and repair between replicas (Merkle trees, full scans).","eventual-consistency|terminology"
"What is **Read repair**?","Repair divergent replicas during read path when versions differ.","eventual-consistency|terminology"
"What is **Hinted handoff**?","Temporary redirect of writes when replica down; replay on recovery (Dynamo).","eventual-consistency|terminology"
"What is **Sibling / conflict**?","Concurrent versions detected via vector clocks; require merge.","eventual-consistency|terminology"
"What is **LWW (last-writer-wins)**?","Resolve conflicts by timestamp—**implementation choice**, can lose data.","eventual-consistency|terminology"
"What is **AP system**?","Available + Partition-tolerant; typically eventual consistency.","eventual-consistency|terminology"
"What is **PACELC**?","If Partition: A vs C; Else: Latency vs Consistency (Abadi, 2012).","eventual-consistency|terminology"
"What is **Read-your-writes**?","Session guarantee stronger than pure eventual—client sees own writes.","eventual-consistency|terminology"
"Summarize the core idea of **Eventual Consistency**.","**Eventual consistency** is a **liveness-oriented** guarantee for replicated systems: if updates stop and no new failures occur, all replicas will **converge** to the same value. During convergence, different clients may observe **divergent** states. Unlike linearizability, eventual consistency does not promise a single real-time order of operations—it promises that **safety of convergence** emerges when the system quiesces.","eventual-consistency|summary"
"What is **Linearization point**?","The instant between invocation and response where an operation appears to take effect atomically.","linearizability|terminology"
"What is **History**?","A concurrent execution recording invocations, responses, and real-time intervals.","linearizability|terminology"
"What is **Sequential history**?","Operations arranged in a total order with no overlap.","linearizability|terminology"
"What is **Equivalent histories**?","Same operations with matching responses; order may differ.","linearizability|terminology"
"What is **Real-time order**?","\(op_1 \rightarrow_\{rt\} op_2\) if \(op_1\) completes before \(op_2\) starts.","linearizability|terminology"
"What is **Linearizable history**?","Equivalent to some sequential history that respects the object's spec **and** real-time order.","linearizability|terminology"
"What is **Sequential consistency**?","Total order respecting **program order** per process only—not real-time across processes.","linearizability|terminology"
"What is **Serializability**?","Transactional analog: equivalent to some serial execution of transactions (database isolation).","linearizability|terminology"
"What is **External consistency**?","Spanner term: transactions appear in an order consistent with real-time precedence (related, multi-object).","linearizability|terminology"
"What is **Stale read**?","Read that returns a value older than one already acknowledged by a completed write—violates linearizability if on same object.","linearizability|terminology"
"What is **Fencing token**?","Monotonic token from lock service; storage rejects writes with stale tokens.","linearizability|terminology"
"Summarize the core idea of **Linearizability**.","**Linearizability** (also called **atomic consistency** or **strong consistency** in product language) is the strongest practical single-object consistency model for replicated registers and data structures. Informally: every operation appears to take effect instantaneously at some point between its invocation and response, and all operations respect a single **total order** that is **compatible with real time**—if operation A completes before operation B begins (in wall-clock terms at the clien","linearizability|summary"
"What is **PACELC**?","If **P**artition → **A** vs **C**; **E**lse → **L**atency vs **C**onsistency (Abadi, 2012).","pacelc|terminology"
"What is **PAC / ELC**?","Shorthand for the two decision branches.","pacelc|terminology"
"What is **PA / PC**?","During partition: availability-first vs consistency-first (same as AP/CP in CAP language).","pacelc|terminology"
"What is **EL / EC**?","Else: latency-first vs consistency-first normal operation.","pacelc|terminology"
"What is **Synchronous replication**?","Commit waits for acknowledgment from remote replica(s)—EC-leaning.","pacelc|terminology"
"What is **Asynchronous replication**?","Commit local before remote catch-up—EL-leaning.","pacelc|terminology"
"What is **Quorum read**?","Read contacts multiple replicas to bound staleness—EC-leaning.","pacelc|terminology"
"What is **Local read**?","Read from nearest replica without cross-check—EL-leaning.","pacelc|terminology"
"What is **RPO / RTO**?","Recovery point/time objectives—often correlate with EC vs EL replication.","pacelc|terminology"
"What is **Tail latency**?","p99/p999—often dominated by EC coordination on wide-area paths.","pacelc|terminology"
"Summarize the core idea of **PACELC**.","**PACELC** extends the CAP framing to a question architects face far more often than a full network partition: *What tradeoff do we make between **latency** and **consistency** when the network is healthy?*","pacelc|summary"
"What is **Quorum**?","Subset of replicas sufficient to perform an operation.","quorum-systems|terminology"
"What is **Replication factor (N)**?","Total replicas for a partition/key.","quorum-systems|terminology"
"What is **Read quorum (R)**?","Number of replicas contacted for a read.","quorum-systems|terminology"
"What is **Write quorum (W)**?","Number of replicas that must ack a write.","quorum-systems|terminology"
"What is **Intersection (R+W>N)**?","Any read and write quorums share ≥1 replica.","quorum-systems|terminology"
"What is **Majority**?","Quorum with size \(> N/2\); any two majorities intersect.","quorum-systems|terminology"
"What is **Sloppy quorum**?","Use fallback replicas outside preference list when primary quorum unavailable (Dynamo).","quorum-systems|terminology"
"What is **Hinted handoff**?","Store write for temporarily down replica; deliver on recovery.","quorum-systems|terminology"
"What is **Read repair**?","Fix divergent replicas during read when versions differ.","quorum-systems|terminology"
"What is **Anti-entropy**?","Background reconciliation (Merkle trees, scans).","quorum-systems|terminology"
"What is **Consistency level (CL)**?","Cassandra/Dynamo terminology mapping to R, W.","quorum-systems|terminology"
"What is **PACELC**?","Latency vs consistency when no partition—quorum tuning affects both.","quorum-systems|terminology"
"Summarize the core idea of **Quorum Systems**.","A **quorum system** is a collection of subsets (**quorums**) of replicas such that any two quorums **intersect**—share at least one member. In replicated storage, **quorum reads** and **quorum writes** use these sets to enforce that a read contacts enough replicas to overlap a prior write, enabling **consistency** properties, **fault tolerance**, and **controlled availability** tradeoffs without requiring every replica to participate in every operation.","quorum-systems|summary"
"What is **Sequential consistency (SC)**?","Exists a global sequential order of all ops; each process's ops appear in program order in that sequence.","sequential-consistency|terminology"
"What is **Program order**?","Order of operations as issued by a single process in its code.","sequential-consistency|terminology"
"What is **Global order**?","Total order combining operations from all processes.","sequential-consistency|terminology"
"What is **Linearizability**?","SC **plus** real-time constraint: if op₁ completes before op₂ starts, op₁ precedes op₂ in the order.","sequential-consistency|terminology"
"What is **History**?","Record of invocations and responses with timing intervals.","sequential-consistency|terminology"
"What is **Sequentially consistent history**?","Equivalent to some sequential history respecting program order per process.","sequential-consistency|terminology"
"What is **Coherence (cache coherence)**?","Writes to same address become visible in same order to all—**weaker** than SC in general.","sequential-consistency|terminology"
"What is **Processor consistency**?","Weaker than SC; relaxes ordering among writes from different processors in some definitions.","sequential-consistency|terminology"
"What is **Causal consistency**?","Preserves happens-before; does not require a single global order of all ops.","sequential-consistency|terminology"
"What is **Memory barrier / fence**?","Instruction forcing visibility ordering—implementation mechanism, not a consistency model.","sequential-consistency|terminology"
"What is **TSO (Total Store Order)**?","x86-like model: stores buffered; loads may see stale values briefly—**not identical** to SC in formal sense for all programs.","sequential-consistency|terminology"
"Summarize the core idea of **Sequential Consistency**.","**Sequential consistency** (SC) is a correctness condition for shared-memory multiprocessors and replicated systems in which the result of any execution is the same as if all operations from all processes were executed in some **single global sequential order**, and the operations of each individual process appear in that sequence in the order specified by its **program order** (Lamport, 1979). Unlike **linearizability**, sequential consistency does **not** require that this global order respect","sequential-consistency|summary"
"What is **Session**?","Sequence of operations by one client context bound by an identifier or sticky route.","session-guarantees|terminology"
"What is **Read-your-writes (RYW)**?","Session never reads a value older than one it has written.","session-guarantees|terminology"
"What is **Monotonic reads (MR)**?","If a session reads value v of object x, later reads of x in session return ≥ v (no going backward).","session-guarantees|terminology"
"What is **Monotonic writes (MW)**?","Writes by a session applied in program order at all replicas (no visible reordering of session writes).","session-guarantees|terminology"
"What is **Writes-follow-reads (WFR)**?","Write in session never visible before reads in same session that informed it (causal-ish within session).","session-guarantees|terminology"
"What is **Sticky session / sticky routing**?","Route session's requests to replica subset that has seen session writes.","session-guarantees|terminology"
"What is **Session token**?","Opaque version vector or timestamp client sends; server returns fresher than token.","session-guarantees|terminology"
"What is **Causal consistency**?","Preserves happens-before across all clients—stronger than combined session guarantees in general.","session-guarantees|terminology"
"What is **PRAM consistency**?","Parallel RAM—MW + RYW equivalent in some formulations.","session-guarantees|terminology"
"What is **Consistency window**?","Time/data versions during which anomaly could occur without guarantees.","session-guarantees|terminology"
"Summarize the core idea of **Session Guarantees**.","**Session guarantees** are **client-centric** consistency properties that constrain what a single client session can observe when interacting with a **weakly consistent** or **eventually consistent** replicated store. Unlike global models such as linearizability or sequential consistency, session guarantees do not require all clients to agree on a single real-time order—they bound **per-session anomalies** such as reading stale data immediately after one's own write, seeing values ""go backward i","session-guarantees|summary"
"What is **Atomicity**?","All operations in a transaction succeed together or none persist.","acid-and-isolation|terminology"
"What is **Consistency (C in ACID)**?","Transaction preserves integrity constraints; database moves between valid states.","acid-and-isolation|terminology"
"What is **Isolation**?","Degree to which concurrent transactions' effects are separated.","acid-and-isolation|terminology"
"What is **Durability**?","Committed data survives crashes per recovery guarantees.","acid-and-isolation|terminology"
"What is **Isolation level**?","Named policy (READ UNCOMMITTED … SERIALIZABLE) defining allowed anomalies.","acid-and-isolation|terminology"
"What is **Dirty read**?","Reading uncommitted data from another transaction.","acid-and-isolation|terminology"
"What is **Non-repeatable read**?","Re-reading a row sees a different value within one transaction.","acid-and-isolation|terminology"
"What is **Phantom read**?","Re-running a range query sees new rows inserted by another transaction.","acid-and-isolation|terminology"
"What is **Write skew**?","Two transactions read overlapping data, write disjoint rows, violating an invariant serial execution would prevent.","acid-and-isolation|terminology"
"What is **Serializability**?","Concurrent history equivalent to some serial order of transactions.","acid-and-isolation|terminology"
"What is **Snapshot isolation (SI)**?","Each transaction reads from a consistent snapshot; writes conflict on commit.","acid-and-isolation|terminology"
"What is **Predicate lock**?","Lock on a logical condition (range), not just a row.","acid-and-isolation|terminology"
"What is **Two-phase locking (2PL)**?","Acquire locks before access; release after commit—basis of many serializable implementations.","acid-and-isolation|terminology"
"Summarize the core idea of **ACID and Isolation Levels**.","**ACID**—Atomicity, Consistency, Isolation, and Durability—is the foundational contract between application developers and transactional storage systems. **Atomicity** ensures a transaction's effects are all-or-nothing. **Consistency** (in the database sense) means each transaction preserves application-defined integrity constraints when executed alone. **Isolation** governs how concurrent transactions' intermediate states are visible to one another. **Durability** guarantees committed data surv","acid-and-isolation|summary"
"What is **Tuple version**?","One physical row version of a logical row.","mvcc|terminology"
"What is **xmin**?","Transaction ID that created this version (PostgreSQL).","mvcc|terminology"
"What is **xmax**?","Transaction ID that deleted/updated this version.","mvcc|terminology"
"What is **Snapshot**?","Set of transactions considered visible at a point in time.","mvcc|terminology"
"What is **Snapshot isolation (SI)**?","Reads from consistent snapshot; first-committer-wins on write conflicts.","mvcc|terminology"
"What is **SSI**?","Serializable Snapshot Isolation—tracks rw-dependencies, aborts cycles.","mvcc|terminology"
"What is **Vacuum / GC**?","Reclaims dead tuple versions; advances frozen XID horizon.","mvcc|terminology"
"What is **Write skew**?","Two txs read overlapping data, write non-overlapping rows, break invariant.","mvcc|terminology"
"What is **Version chain**?","Linked old versions of same logical row (InnoDB undo chain).","mvcc|terminology"
"What is **Read view**?","InnoDB structure defining visible trx ids for a transaction.","mvcc|terminology"
"What is **Oldest xmin**?","Oldest active snapshot bound—blocks vacuum progress.","mvcc|terminology"
"What is **Freeze**?","Mark old tuples permanently visible to prevent XID wraparound.","mvcc|terminology"
"Summarize the core idea of **Multi-Version Concurrency Control (MVCC)**.","**Multi-Version Concurrency Control (MVCC)** is a concurrency control technique that stores **multiple versions** of each data item rather than overwriting in place. Readers access a **consistent snapshot** of the database as of a transaction start time (or statement start, depending on isolation), while writers create **new versions** without blocking readers. At commit time, the system detects **write-write conflicts** and may abort transactions that would violate isolation guarantees.","mvcc|summary"
"What is **Saga**?","Sequence of local txs with compensating txs on failure.","sagas|terminology"
"What is **Compensating transaction**?","Semantic undo of a completed local step.","sagas|terminology"
"What is **Choreography**?","Decentralized: services react to events without central controller.","sagas|terminology"
"What is **Orchestration**?","Central saga manager issues commands and tracks state.","sagas|terminology"
"What is **Forward recovery**?","Retry failed step (transient error).","sagas|terminology"
"What is **Backward recovery**?","Run compensations for completed steps.","sagas|terminology"
"What is **Semantic lock**?","Business rule preventing conflicting actions during saga (e.g., no ship until paid).","sagas|terminology"
"What is **Saga log**?","Durable record of saga state and step outcomes.","sagas|terminology"
"What is **Pivot transaction**?","Last step after which compensation is impossible—switch to manual resolution.","sagas|terminology"
"What is **Idempotency key**?","Dedupes retried step execution.","sagas|terminology"
"Summarize the core idea of **Sagas**.","A **saga** is a long-lived business transaction decomposed into a sequence of **local transactions**, each committing independently within its own service boundary. If a later step fails, the saga executes **compensating transactions** to undo or logically reverse the effects of prior steps—because there is no distributed rollback across already-committed local transactions.","sagas|summary"
"What is **Outbox table**?","Table storing pending messages (`id`, `payload`, `topic`, `created_at`, `dispatched_at`).","transactional-outbox|terminology"
"What is **Dual-write problem**?","Two writes without shared atomicity.","transactional-outbox|terminology"
"What is **Message relay**?","Process publishing outbox rows to broker.","transactional-outbox|terminology"
"What is **Polling relay**?","`SELECT ... FOR UPDATE SKIP LOCKED` loop.","transactional-outbox|terminology"
"What is **CDC relay**?","Change Data Capture from WAL/binlog (Debezium).","transactional-outbox|terminology"
"What is **Inbox pattern**?","Consumer-side dedup table for processed message ids.","transactional-outbox|terminology"
"What is **At-least-once delivery**?","Message may arrive multiple times.","transactional-outbox|terminology"
"What is **Effectively-once**?","At-least-once + idempotent consumer.","transactional-outbox|terminology"
"What is **Ordering key**?","Partition key for ordered delivery per aggregate.","transactional-outbox|terminology"
"What is **Poison message**?","Undeliverable outbox row—DLQ or skip policy.","transactional-outbox|terminology"
"Summarize the core idea of **Transactional Outbox**.","The **transactional outbox** pattern solves the **dual-write problem**: an application must atomically update a database and publish a message to a broker, but these are two different systems that cannot share a single local ACID transaction without brittle XA/2PC. The pattern writes the message to an **outbox table** in the **same database transaction** as the business data change. A separate **message relay** process reads the outbox and publishes to the message broker, marking rows as dispatc","transactional-outbox|summary"
"What is **Coordinator**?","Transaction manager initiating 2PC.","two-phase-commit|terminology"
"What is **Participant**?","Resource manager (database, queue) in transaction.","two-phase-commit|terminology"
"What is **Prepare (vote) phase**?","Phase 1: can you commit?","two-phase-commit|terminology"
"What is **Commit phase**?","Phase 2: global decision applied.","two-phase-commit|terminology"
"What is **In-doubt / prepared**?","Participant voted YES, awaiting coordinator decision.","two-phase-commit|terminology"
"What is **Transaction log**?","Durable record of prepare and commit/abort.","two-phase-commit|terminology"
"What is **Blocking**?","Prepared participant cannot progress if coordinator unavailable.","two-phase-commit|terminology"
"What is **Heuristic decision**?","Participant unilaterally commits/aborts—breaks atomicity.","two-phase-commit|terminology"
"What is **XA**?","X/Open standard for distributed transaction interfaces.","two-phase-commit|terminology"
"What is **3PC**?","Three-Phase Commit—reduces blocking with extra phase under assumptions.","two-phase-commit|terminology"
"What is **TCC**?","Try-Confirm-Cancel—application-level compensation pattern (related).","two-phase-commit|terminology"
"Summarize the core idea of **Two-Phase Commit (2PC)**.","**Two-Phase Commit (2PC)** is a distributed atomic commit protocol that coordinates multiple **participants** (resource managers) through a **coordinator** to ensure all participants either **commit** or **abort** a transaction together. Phase 1 (**prepare**): the coordinator asks each participant if it can commit; participants respond **YES** (vote commit) or **NO** (vote abort) after persisting a **prepare record** to durable storage. Phase 2 (**commit/abort**): if all vote YES, the coordinato","two-phase-commit|summary"
"What is **B-tree**?","Self-balancing tree; keys and records may appear in internal nodes","b-trees|terminology"
"What is **B+ tree**?","Records only in leaves; internal nodes are routing separators","b-trees|terminology"
"What is **Fan-out**?","Number of child pointers per internal node","b-trees|terminology"
"What is **Root / internal / leaf**?","Node types by position in tree","b-trees|terminology"
"What is **Page split**?","Node overflows → split into two siblings, promote separator","b-trees|terminology"
"What is **Page merge**?","Underflow after delete → merge or borrow from sibling","b-trees|terminology"
"What is **Clustered index**?","Leaf stores row data ordered by PK (InnoDB)","b-trees|terminology"
"What is **Secondary index**?","Leaf stores PK or row pointer to heap","b-trees|terminology"
"What is **Fill factor**?","Target occupancy after split to delay next split","b-trees|terminology"
"What is **Crabbing**?","Latch child then release parent when safe (concurrency)","b-trees|terminology"
"What is **Index-only scan**?","Query satisfied from index leaves without heap fetch","b-trees|terminology"
"Summarize the core idea of **B-Trees**.","**B-trees** (and the ubiquitous **B+ trees** used in production databases) are balanced tree data structures optimized for **block-oriented storage**. Each node occupies one or more disk pages; keys are kept sorted within nodes; tree height remains logarithmic in the number of keys because nodes have high **fan-out** (hundreds of keys per page). Reads perform a root-to-leaf descent with typically three to four I/Os for billions of keys. Writes update leaf pages in place, triggering **splits** an","b-trees|summary"
"What is **Memtable**?","Mutable in-memory write buffer","lsm-trees|terminology"
"What is **WAL / memtable log**?","Durability for memtable before flush","lsm-trees|terminology"
"What is **SSTable**?","Immutable sorted key-value file on disk","lsm-trees|terminology"
"What is **Flush**?","Memtable → new SSTable (often L0)","lsm-trees|terminology"
"What is **Compaction**?","Merge SSTables; discard superseded keys/tombstones","lsm-trees|terminology"
"What is **L0, L1, …**?","Levels with increasing size and decreasing overlap (leveled)","lsm-trees|terminology"
"What is **Tombstone**?","Delete marker removed during compaction","lsm-trees|terminology"
"What is **Bloom filter**?","Probabilistic ""key not in file"" test per SSTable","lsm-trees|terminology"
"What is **Write amplification**?","Bytes written / logical bytes ingested","lsm-trees|terminology"
"What is **Read amplification**?","Files/blocks read per logical GET","lsm-trees|terminology"
"What is **Space amplification**?","On-disk size / live data size","lsm-trees|terminology"
"What is **Compaction debt**?","Backlog of files needing merge","lsm-trees|terminology"
"What is **Write stall**?","Engine throttles writes when L0 or compaction limits exceeded","lsm-trees|terminology"
"Summarize the core idea of **LSM Trees**.","A **Log-Structured Merge-tree (LSM-tree)** is a storage structure that converts random writes into **sequential appends** by buffering updates in memory (**memtable**), flushing immutable sorted files (**SSTables**) to disk, and periodically **compacting** overlapping files into larger sorted runs. Reads consult the memtable and multiple levels of SSTables, often filtered by **Bloom filters** to skip irrelevant files. The design trades **read amplification** and **compaction overhead** for **hig","lsm-trees|summary"
"What is **Page / block**?","Fixed-size unit (often 4–16 KiB) of on-disk I/O and in-memory cache","storage-engine-fundamentals|terminology"
"What is **Buffer pool**?","Engine-managed cache of pages in RAM","storage-engine-fundamentals|terminology"
"What is **Heap file**?","Unordered storage of records/tuples","storage-engine-fundamentals|terminology"
"What is **Index**?","Auxiliary structure mapping keys to record locations","storage-engine-fundamentals|terminology"
"What is **WAL (redo log)**?","Append-only log of changes applied before or with data pages","storage-engine-fundamentals|terminology"
"What is **Checkpoint**?","Point up to which data pages reflect logged changes; truncates recovery","storage-engine-fundamentals|terminology"
"What is **Memtable**?","In-memory write buffer (LSM); flushes to immutable sorted runs","storage-engine-fundamentals|terminology"
"What is **SSTable**?","Sorted String Table—immutable on-disk sorted file (LSM)","storage-engine-fundamentals|terminology"
"What is **Compaction**?","Merge/reorganize on-disk data to reclaim space and improve read efficiency","storage-engine-fundamentals|terminology"
"What is **Write amplification**?","Bytes written to device per byte of logical user data","storage-engine-fundamentals|terminology"
"What is **Read amplification**?","I/O operations per logical read (e.g., checking multiple LSM levels)","storage-engine-fundamentals|terminology"
"What is **Space amplification**?","Ratio of on-disk size to logical data size (duplicates, tombstones)","storage-engine-fundamentals|terminology"
"What is **MVCC**?","Multi-Version Concurrency Control—versions instead of in-place overwrite","storage-engine-fundamentals|terminology"
"What is **LSN**?","Log Sequence Number—monotonic identifier for log records","storage-engine-fundamentals|terminology"
"Summarize the core idea of **Storage Engine Fundamentals**.","A **storage engine** is the subsystem of a database that persists, retrieves, and organizes data on durable media (SSD, HDD, or cloud block/object storage). It sits below the query planner, transaction manager, and SQL/API layer, translating logical operations—`INSERT`, `GET`, range scan—into physical I/O patterns on pages, segments, or sorted runs. The engine's design determines whether a workload favors **read latency** (B-tree / B+ tree), **write throughput** (log-structured merge tree, LSM-t","storage-engine-fundamentals|summary"
"What is **WAL / redo log**?","Append-only change log for recovery","write-ahead-log|terminology"
"What is **LSN**?","Log Sequence Number—ordering identifier","write-ahead-log|terminology"
"What is **Checkpoint**?","Marker + dirty page flush policy boundary","write-ahead-log|terminology"
"What is **fsync / fdatasync**?","Force OS buffer to durable media","write-ahead-log|terminology"
"What is **Group commit**?","Batch multiple transactions' fsync together","write-ahead-log|terminology"
"What is **Redo**?","Re-apply logged changes on restart","write-ahead-log|terminology"
"What is **Undo**?","Roll back uncommitted changes (separate undo log in many engines)","write-ahead-log|terminology"
"What is **Full-page write**?","Log entire page image to recover from torn write","write-ahead-log|terminology"
"What is **Archive / shipping**?","Copy completed WAL segments to remote storage","write-ahead-log|terminology"
"What is **RPO**?","Recovery Point Objective—data loss window","write-ahead-log|terminology"
"What is **WAL segment**?","Fixed-size file rotation unit (e.g., 16 MB PostgreSQL)","write-ahead-log|terminology"
"Summarize the core idea of **Write-Ahead Log**.","The **write-ahead log (WAL)**—also called **redo log**, **transaction log**, or **journal**—is an append-only sequence of records describing changes to database state. The fundamental rule: **log records must reach durable storage before the corresponding data pages they depend on are considered committed** (exact ordering policies vary by engine and durability level). After a crash, the engine **replays** the WAL from the last consistent **checkpoint** to reconstruct committed work and undo inc","write-ahead-log|summary"
"What is **N**?","Replication factor—number of replicas per key","amazon-dynamo|terminology"
"What is **R**?","Minimum replicas contacted for a successful read","amazon-dynamo|terminology"
"What is **W**?","Minimum replicas that must ack a write","amazon-dynamo|terminology"
"What is **Preference list**?","Ordered set of N nodes responsible for a key","amazon-dynamo|terminology"
"What is **Coordinator**?","Node that routes a client request to replicas","amazon-dynamo|terminology"
"What is **Consistent hashing**?","Hash ring maps keys to nodes; virtual nodes smooth load","amazon-dynamo|terminology"
"What is **Vector clock**?","Per-replica logical counters tracking causality","amazon-dynamo|terminology"
"What is **Sibling**?","Concurrent conflicting versions returned on read","amazon-dynamo|terminology"
"What is **Sloppy quorum**?","Write/read may use nodes outside preference list when primary unavailable","amazon-dynamo|terminology"
"What is **Hinted handoff**?","Store write for down node; deliver on recovery","amazon-dynamo|terminology"
"What is **Read repair**?","Fix stale replicas during read path","amazon-dynamo|terminology"
"What is **Anti-entropy**?","Background Merkle-tree comparison syncs replicas","amazon-dynamo|terminology"
"What is **Merkle tree**?","Hash tree summarizing key ranges for divergence detection","amazon-dynamo|terminology"
"Summarize the core idea of **Amazon Dynamo**.","**Amazon Dynamo** is a highly available, eventually consistent distributed key-value store described by DeCandia et al. (2007) at SOSP. It was built to power Amazon's shopping cart and related services where **availability during partial failure** and **predictable latency at scale** matter more than strong global consistency. Dynamo combines **consistent hashing** for partition assignment, **quorum-style replication** with tunable **N, R, W**, **vector clocks** for version metadata, **sloppy qu","amazon-dynamo|summary"
"What is **Keyspace**?","Namespace; replication strategy defined here","apache-cassandra|terminology"
"What is **Partition key**?","Determines token and replica set","apache-cassandra|terminology"
"What is **Clustering columns**?","Sort order within partition","apache-cassandra|terminology"
"What is **RF**?","Replication factor","apache-cassandra|terminology"
"What is **CL**?","Consistency level for read/write","apache-cassandra|terminology"
"What is **Coordinator**?","Node receiving client request","apache-cassandra|terminology"
"What is **SSTable**?","Immutable on-disk sorted file","apache-cassandra|terminology"
"What is **Memtable**?","In-memory write buffer","apache-cassandra|terminology"
"What is **Compaction**?","STCS, LCS, TWCS, UCS strategies","apache-cassandra|terminology"
"What is **Tombstone**?","Delete marker; gc_grace_seconds","apache-cassandra|terminology"
"What is **Hinted handoff**?","Store write for down replica","apache-cassandra|terminology"
"What is **Repair**?","Sync divergent replicas","apache-cassandra|terminology"
"What is **LWT**?","`IF NOT EXISTS` / `IF EXISTS` via Paxos","apache-cassandra|terminology"
"What is **Snitch**?","Rack/DC topology awareness","apache-cassandra|terminology"
"Summarize the core idea of **Apache Cassandra**.","**Apache Cassandra** is an open-source, distributed **wide-column** database implementing Dynamo-style **partitioned storage** with **tunable consistency**. Data is modeled in tables with a **partition key** (and optional **clustering columns**) mapped to nodes via a **partitioner** (Murmur3 by default) on a token ring. Replication is configured with **NetworkTopologyStrategy** across datacenters. Writes go to a **coordinator** that satisfies the requested **consistency level** (CL); reads merge","apache-cassandra|summary"
"What is **Topic**?","Named log divided into partitions","apache-kafka|terminology"
"What is **Partition**?","Ordered sequence with leader broker","apache-kafka|terminology"
"What is **Offset**?","Monotonic position in partition","apache-kafka|terminology"
"What is **ISR**?","Replicas caught up with leader","apache-kafka|terminology"
"What is **HW / LEO**?","High watermark / log end offset","apache-kafka|terminology"
"What is **Consumer group**?","Cooperative consumers sharing partition assignment","apache-kafka|terminology"
"What is **Rebalance**?","Partition reassignment among consumers","apache-kafka|terminology"
"What is **Retention**?","Time/size limits; or compaction","apache-kafka|terminology"
"What is **Compaction**?","Keep latest key per record key","apache-kafka|terminology"
"What is **acks**?","Producer durability (`0`, `1`, `all`)","apache-kafka|terminology"
"What is **Idempotent producer**?","PID + sequence dedup per partition","apache-kafka|terminology"
"What is **Transaction**?","Atomic write across partitions (EOS)","apache-kafka|terminology"
"Summarize the core idea of **Apache Kafka as a Distributed Log**.","**Apache Kafka** is a distributed **commit log** optimized for high-throughput, durable **event streaming**. Producers append **records** to **partitions**—ordered, immutable sequences identified by monotonically increasing **offsets**. Partitions are replicated across brokers using **leader-follower replication** with an **In-Sync Replica (ISR)** set; only ISR members may be promoted on leader failure. Consumers track **offsets** per partition, enabling replay, fan-out consumer groups, and **st","apache-kafka|summary"
"What is **Range**?","Replicated shard of sorted keyspace (~512 MB default target)","cockroachdb-architecture|terminology"
"What is **Leaseholder**?","Raft leader holding range lease for writes","cockroachdb-architecture|terminology"
"What is **Store**?","RocksDB instance on a node holding ranges","cockroachdb-architecture|terminology"
"What is **HLC**?","Hybrid Logical Clock—physical + logical time","cockroachdb-architecture|terminology"
"What is **Transaction record**?","Coordinates distributed txn commit","cockroachdb-architecture|terminology"
"What is **Intent**?","Provisional write pending commit","cockroachdb-architecture|terminology"
"What is **Gossip**?","Node membership and capacity dissemination","cockroachdb-architecture|terminology"
"What is **Zone config**?","Replication and placement rules","cockroachdb-architecture|terminology"
"What is **Follow-the-workload**?","Move leaseholder near traffic","cockroachdb-architecture|terminology"
"What is **SERIALIZABLE**?","Default isolation—strongest SQL standard level","cockroachdb-architecture|terminology"
"Summarize the core idea of **CockroachDB Architecture**.","**CockroachDB** is a distributed **SQL database** designed for **survivability**, **horizontal scale**, and **serializable** transactions without custom clock hardware. Data is partitioned into **ranges** (contiguous key spans), each replicated across nodes via **Raft**. A **distributed transaction layer** provides **serializable isolation** using **multi-version concurrency control (MVCC)** and **Hybrid Logical Clocks (HLC)** for timestamp ordering—conceptually related to [Google Spanner](/docs","cockroachdb-architecture|summary"
"What is **Partition key**?","Hash key determining physical partition","dynamodb|terminology"
"What is **Sort key**?","Optional range key within partition","dynamodb|terminology"
"What is **Composite key**?","Partition + sort key","dynamodb|terminology"
"What is **GSI / LSI**?","Global / Local Secondary Index—alternate access patterns","dynamodb|terminology"
"What is **RCU / WCU**?","Read / Write Capacity Units (provisioned mode)","dynamodb|terminology"
"What is **On-demand**?","Pay per request; auto-scales with soft limits","dynamodb|terminology"
"What is **Adaptive capacity**?","Redirects unused partition capacity (provisioned)","dynamodb|terminology"
"What is **DAX**?","In-memory cache cluster for DynamoDB","dynamodb|terminology"
"What is **Stream**?","Ordered change feed per shard (24-hour retention)","dynamodb|terminology"
"What is **TTL**?","Automatic item expiration attribute","dynamodb|terminology"
"What is **TransactWrite**?","Atomic multi-item write (constraints apply)","dynamodb|terminology"
"What is **Conditional write**?","`attribute_not_exists`, version checks","dynamodb|terminology"
"Summarize the core idea of **Amazon DynamoDB**.","**Amazon DynamoDB** is AWS's fully managed, serverless key-value and document database. It inherits **naming and partitioning ideas** from the Dynamo research lineage but is a **distinct product** with its own consistency model, API, and operational surface. Data is organized by **partition key** (and optional **sort key**) into **partitions** that scale independently. DynamoDB offers **single-digit millisecond** latency at scale (AWS marketing claim; measure in your workload), **on-demand or pr","dynamodb|summary"
"What is **TrueTime**?","API returning `[earliest, latest]` wall-clock interval","google-spanner|terminology"
"What is **Commit wait**?","Delay commit until `TT.now().earliest > commit timestamp`","google-spanner|terminology"
"What is **External consistency**?","Transaction order consistent with real-time order","google-spanner|terminology"
"What is **Paxos group**?","Replicated shard with leader","google-spanner|terminology"
"What is **Split / merge**?","Shard rebalancing","google-spanner|terminology"
"What is **2PC coordinator**?","Cross-shard transaction orchestrator","google-spanner|terminology"
"What is **Read-only transaction**?","Snapshot at read timestamp without locking writes","google-spanner|terminology"
"What is **Stale read**?","Bounded staleness option (product)","google-spanner|terminology"
"What is **Placement**?","Geographic replica layout","google-spanner|terminology"
"Summarize the core idea of **Google Spanner**.","**Google Spanner** is a globally distributed, horizontally scalable relational database that provides **externally consistent** reads and writes, **serializable** transactions, and a **SQL** interface (Corbett et al., OSDI 2012). Spanner combines **TrueTime**—a clock API exposing bounded uncertainty intervals `[earliest, latest]`—with **two-phase commit (2PC)** across **Paxos-replicated shards** to assign global timestamps to transactions. The **commit wait** rule ensures transactions do not com","google-spanner|summary"
"What is **Replica set**?","Group of nodes with one primary","mongodb-architecture|terminology"
"What is **Oplog**?","Capped replication log of operations","mongodb-architecture|terminology"
"What is **Shard key**?","Indexed field(s) determining chunk distribution","mongodb-architecture|terminology"
"What is **Chunk**?","Range of shard key values on one shard","mongodb-architecture|terminology"
"What is **Mongos**?","Query router for sharded cluster","mongodb-architecture|terminology"
"What is **Config servers**?","Store cluster metadata","mongodb-architecture|terminology"
"What is **Write concern**?","Durability ack level (w, j, timeout)","mongodb-architecture|terminology"
"What is **Read concern**?","Consistency of read (`local`, `majority`, `linearizable`)","mongodb-architecture|terminology"
"What is **Jumbo chunk**?","Chunk too large to migrate—operational problem","mongodb-architecture|terminology"
"What is **Change stream**?","Tailable cursor on oplog-derived events","mongodb-architecture|terminology"
"Summarize the core idea of **MongoDB Architecture**.","**MongoDB** is a distributed **document database** storing BSON documents in collections, optimized for flexible schemas, rich query patterns on documents, and horizontal scale via **sharding**. A **replica set** provides high availability through **primary-secondary replication** with automatic **leader election** (Raft-inspired consensus via MongoDB's replication protocol). The default storage engine **WiredTiger** provides document-level concurrency, compression, and checkpoint-based durabili","mongodb-architecture|summary"
"What is **Primary / replica**?","Formerly master/slave; replication topology","redis|terminology"
"What is **RDB**?","Point-in-time snapshot file","redis|terminology"
"What is **AOF**?","Log of mutating commands","redis|terminology"
"What is **fsync policy**?","`always`, `everysec`, `no`","redis|terminology"
"What is **Eviction policy**?","`allkeys-lru`, `volatile-lru`, etc.","redis|terminology"
"What is **TTL**?","Key expiration","redis|terminology"
"What is **Sentinel**?","HA monitor and failover orchestrator","redis|terminology"
"What is **Hash slot**?","Cluster partition unit (16384 slots)","redis|terminology"
"What is **MOVED / ASK**?","Cluster redirect responses","redis|terminology"
"What is **Streams**?","Append-only log per key with consumer groups","redis|terminology"
"What is **MEMORY MAXMEMORY**?","Hard memory limit trigger","redis|terminology"
"Summarize the core idea of **Redis**.","**Redis** is an in-memory **data structure server** supporting strings, hashes, lists, sets, sorted sets, streams, and more—with optional **durability** via **RDB snapshots** and **AOF (Append-Only File)** logging. Single-threaded command execution per shard gives **predictable latency** without lock contention on hot keys (at cost of CPU ceiling per instance). **Redis Sentinel** provides **high availability** through leader monitoring and failover for primary-replica topologies. **Redis Cluster","redis|summary"
"What is **Micro-partition**?","Immutable compressed columnar storage unit (~50–500 MB)","snowflake-architecture|terminology"
"What is **Virtual warehouse (VW)**?","MPP compute cluster executing queries","snowflake-architecture|terminology"
"What is **Cloud services layer**?","Metadata, optimizer, auth, infrastructure","snowflake-architecture|terminology"
"What is **Storage layer**?","Micro-partitions in cloud storage","snowflake-architecture|terminology"
"What is **Clustering key**?","Co-location hint for related rows","snowflake-architecture|terminology"
"What is **Time travel**?","Query historical table state (retention days)","snowflake-architecture|terminology"
"What is **Fail-safe**?","Additional recovery period after time travel","snowflake-architecture|terminology"
"What is **Zero-copy clone**?","Metadata-only table copy","snowflake-architecture|terminology"
"What is **Credit**?","Billing unit for compute consumption","snowflake-architecture|terminology"
"What is **Snowpipe**?","Serverless continuous load from staged files","snowflake-architecture|terminology"
"Summarize the core idea of **Snowflake Architecture**.","**Snowflake** is a cloud-native **analytical data warehouse** that separates **storage**, **compute**, and **cloud services** into independently scalable layers. Data is stored in immutable **micro-partitions** (compressed columnar objects in cloud storage) with rich **metadata** enabling **partition pruning** without explicit user-defined partitions. **Virtual warehouses** are MPP compute clusters that execute queries in parallel; multiple warehouses can read the same data without copying it.","snowflake-architecture|summary"
"What is **Event**?","Immutable record of past occurrence.","event-driven-architecture|terminology"
"What is **Command**?","Request to perform action; one intended handler.","event-driven-architecture|terminology"
"What is **Choreography**?","Decentralized: services react without central controller.","event-driven-architecture|terminology"
"What is **Orchestration**?","Central coordinator directs steps (may use events).","event-driven-architecture|terminology"
"What is **CQRS**?","Command Query Responsibility Segregation—split write/read paths.","event-driven-architecture|terminology"
"What is **Event sourcing**?","Persist state changes as event sequence; rebuild state by replay.","event-driven-architecture|terminology"
"What is **Projection**?","Read model built from event stream.","event-driven-architecture|terminology"
"What is **Outbox pattern**?","Atomic DB write + event staging for reliable publish.","event-driven-architecture|terminology"
"What is **Schema registry**?","Central contract for event payload versions.","event-driven-architecture|terminology"
"What is **Eventual consistency**?","Replicas converge without simultaneous strong consistency.","event-driven-architecture|terminology"
"Summarize the core idea of **Event-Driven Architecture**.","**Event-driven architecture (EDA)** is a software design style in which components communicate by producing and consuming **events**—immutable records of something that happened—rather than invoking each other synchronously. EDA enables **loose coupling**, **independent scaling**, **temporal decoupling**, and **multiple reactions** to the same fact. It introduces challenges: **eventual consistency**, **distributed debugging**, **schema evolution**, **ordering across aggregates**, and **duplicate","event-driven-architecture|summary"
"What is **Topic**?","Named stream of messages; divided into partitions.","kafka-architecture|terminology"
"What is **Partition**?","Ordered, immutable sequence of messages (log segment files).","kafka-architecture|terminology"
"What is **Offset**?","Monotonic position within a partition log.","kafka-architecture|terminology"
"What is **Broker**?","Kafka server storing partitions and serving clients.","kafka-architecture|terminology"
"What is **Replica**?","Copy of a partition on a broker; one leader, rest followers.","kafka-architecture|terminology"
"What is **ISR**?","In-Sync Replicas—followers caught up within `replica.lag.time.max.ms`.","kafka-architecture|terminology"
"What is **Consumer group**?","Set of consumers sharing work; one consumer per partition max.","kafka-architecture|terminology"
"What is **Group coordinator**?","Broker managing consumer group membership and offsets.","kafka-architecture|terminology"
"What is **High watermark**?","Offset up to which all ISR replicas have replicated.","kafka-architecture|terminology"
"What is **Log compaction**?","Retain latest record per key; tombstones delete keys.","kafka-architecture|terminology"
"What is **KRaft**?","Kafka Raft metadata mode replacing ZooKeeper dependency.","kafka-architecture|terminology"
"Summarize the core idea of **Kafka Architecture**.","**Apache Kafka** is a distributed commit log used as a message broker, event backbone, and stream processing substrate. Its architecture centers on **topics** partitioned into append-only **logs**, **replicated** across brokers for durability, consumed by **consumer groups** that track **offsets** per partition. Unlike traditional queue systems that delete messages after consumption, Kafka retains messages for a configurable period—enabling replay, multiple independent consumer groups, and decou","kafka-architecture|summary"
"What is **At-most-once**?","Message delivered zero or one time; loss possible, no duplicates from retry.","message-delivery-semantics|terminology"
"What is **At-least-once**?","Message delivered one or more times until acknowledged; duplicates possible.","message-delivery-semantics|terminology"
"What is **Exactly-once**?","Each message causes exactly one observable effect—often **end-to-end** claim.","message-delivery-semantics|terminology"
"What is **Acknowledgment (ack)**?","Consumer or broker confirmation of receipt or processing.","message-delivery-semantics|terminology"
"What is **Offset**?","Position in a partition log; consumer commits offset after processing.","message-delivery-semantics|terminology"
"What is **Idempotent consumer**?","Processing same message twice yields same state as once.","message-delivery-semantics|terminology"
"What is **Deduplication**?","Store of seen message IDs to reject duplicates.","message-delivery-semantics|terminology"
"What is **Poison message**?","Message that always fails processing; blocks or loops retries.","message-delivery-semantics|terminology"
"What is **Dead-letter queue (DLQ)**?","Destination for messages that exceed retry limits.","message-delivery-semantics|terminology"
"What is **Effectively-once**?","At-least-once transport + idempotent handler = one business effect.","message-delivery-semantics|terminology"
"Summarize the core idea of **Message Delivery Semantics**.","**Message delivery semantics** describe what guarantees a messaging system provides when a producer sends a message and a consumer processes it. The three classical labels—**at-most-once**, **at-least-once**, and **exactly-once**—are often misunderstood because they apply at different layers (broker acknowledgment, consumer offset commit, end-to-end business effect) and because **exactly-once delivery** is impossible in the general asynchronous network model without cooperation from producers, b","message-delivery-semantics|summary"
"What is **TTL invalidation**?","Passive expiry by time.","cache-invalidation|terminology"
"What is **Active invalidation**?","Explicit delete/update on data change.","cache-invalidation|terminology"
"What is **Write-invalidate**?","Remove cache entry on write.","cache-invalidation|terminology"
"What is **Write-update**?","Push new value to cache on write.","cache-invalidation|terminology"
"What is **Version stamp**?","Monotonic version; readers reject old versions.","cache-invalidation|terminology"
"What is **Cache tagging**?","Group keys under tag; invalidate tag in one operation.","cache-invalidation|terminology"
"What is **Surrogate key**?","CDN tag for related objects (e.g., all product pages).","cache-invalidation|terminology"
"What is **Purge vs ban**?","Purge removes if present; ban prevents future cache (CDN-specific).","cache-invalidation|terminology"
"What is **Thundering herd**?","Many concurrent misses after invalidation.","cache-invalidation|terminology"
"What is **Torn cache**?","Partially updated related keys—inconsistent view.","cache-invalidation|terminology"
"Summarize the core idea of **Cache Invalidation**.","**Cache invalidation** is the process of removing or updating cached entries so clients do not observe indefinitely stale data relative to the authoritative source. Phil Karlton's aphorism—*""There are only two hard things in Computer Science: cache invalidation and naming things""*—remains relevant because invalidation spans **multiple cache tiers**, **concurrent writers**, **eventual propagation delay**, and **ambiguous ownership** of who invalidates what.","cache-invalidation|summary"
"What is **Cache hit**?","Requested key found in cache.","caching-fundamentals|terminology"
"What is **Cache miss**?","Key absent—fetch from origin required.","caching-fundamentals|terminology"
"What is **Hit ratio**?","Hits / (Hits + Misses)—primary efficiency metric.","caching-fundamentals|terminology"
"What is **TTL (Time To Live)**?","Expiry after which entry is discarded.","caching-fundamentals|terminology"
"What is **Cache-aside**?","App reads cache; on miss loads DB and populates cache.","caching-fundamentals|terminology"
"What is **Read-through**?","Cache loads from DB on miss transparently to app.","caching-fundamentals|terminology"
"What is **Write-through**?","Write updates cache and DB synchronously.","caching-fundamentals|terminology"
"What is **Write-behind**?","Write updates cache; async flush to DB.","caching-fundamentals|terminology"
"What is **Eviction**?","Remove entries when cache full (LRU, LFU, TTL).","caching-fundamentals|terminology"
"What is **Thundering herd**?","Many requests miss simultaneously on hot key expiry.","caching-fundamentals|terminology"
"What is **Negative caching**?","Cache ""not found"" to protect origin from repeat misses.","caching-fundamentals|terminology"
"Summarize the core idea of **Caching Fundamentals**.","**Caching** stores copies of data closer to consumers or in faster storage tiers to reduce latency, database load, and cost. A cache trades **freshness** for **speed**—by definition, cached data may be stale relative to the authoritative source. Principal architects must choose **cache placement** (client, CDN, application, database), **population strategy** (lazy vs eager), **consistency model** (TTL, invalidation, write-through), and **eviction policy** under memory pressure.","caching-fundamentals|summary"
"What is **Shard**?","Subset of keyspace on one primary node.","distributed-caching|terminology"
"What is **Hash slot**?","Redis Cluster unit of 16384 slots mapping keys to nodes.","distributed-caching|terminology"
"What is **Hash tag**?","`{tag}` in key forces same slot for related keys.","distributed-caching|terminology"
"What is **Hot key**?","Key receiving disproportionate traffic.","distributed-caching|terminology"
"What is **Big key**?","Large value or collection blocking operations.","distributed-caching|terminology"
"What is **Near-cache**?","Local L1 in front of remote L2 distributed cache.","distributed-caching|terminology"
"What is **Read replica**?","Follower serving reads; may lag primary.","distributed-caching|terminology"
"What is **Sentinel**?","HA monitoring and failover for non-cluster Redis.","distributed-caching|terminology"
"What is **Cluster bus**?","Gossip protocol between Redis Cluster nodes.","distributed-caching|terminology"
"What is **MOVED / ASK**?","Redirect responses during slot migration or failover.","distributed-caching|terminology"
"Summarize the core idea of **Distributed Caching**.","**Distributed caching** places a shared, horizontally scaled cache tier (typically in-memory) between application instances and the authoritative data store. Unlike per-process local caches, a distributed cache provides **consistent key namespace**, **shared state across instances**, and **horizontal capacity**—at the cost of **network latency**, **operational complexity**, **hot-key bottlenecks**, and **failure modes** distinct from single-node Redis.","distributed-caching|summary"
"What is **Timeout**?","Maximum wait before abandoning a call","resilience-patterns|terminology"
"What is **Retry**?","Repeat failed call subject to policy","resilience-patterns|terminology"
"What is **Exponential backoff**?","Increasing delay between retries","resilience-patterns|terminology"
"What is **Jitter**?","Randomized delay to desynchronize retries","resilience-patterns|terminology"
"What is **Circuit breaker**?","Fail-fast after error threshold; periodic half-open probe","resilience-patterns|terminology"
"What is **Bulkhead**?","Resource pool isolation limiting cross-coupling","resilience-patterns|terminology"
"What is **Load shedding**?","Reject excess requests to protect survivors","resilience-patterns|terminology"
"What is **Graceful degradation**?","Reduced functionality vs total failure","resilience-patterns|terminology"
"What is **Hedging**?","Send duplicate request if first slow—doubles load","resilience-patterns|terminology"
"What is **Fail open / fail closed**?","Degrade permissively vs deny when dependency down","resilience-patterns|terminology"
"Summarize the core idea of **Resilience Patterns**.","**Resilience patterns** are structural defenses against **partial failure** in distributed systems. When one service slows or fails, uncontrolled retry storms and cascading overload can convert a localized fault into a **system-wide outage**. Patterns—**timeouts**, **retries with backoff**, **circuit breakers**, **bulkheads**, **load shedding**, and **graceful degradation**—bound blast radius and preserve **liveness** for critical paths.","resilience-patterns|summary"
"What is **Bounded context**?","Explicit boundary where a domain model is consistent and terms have one meaning","service-decomposition-and-ddd|terminology"
"What is **Ubiquitous language**?","Shared vocabulary between developers and domain experts within a context","service-decomposition-and-ddd|terminology"
"What is **Aggregate**?","Cluster of entities treated as a consistency unit; one root entity","service-decomposition-and-ddd|terminology"
"What is **Domain event**?","Record of something meaningful that happened in the domain","service-decomposition-and-ddd|terminology"
"What is **Context map**?","Diagram of relationships between bounded contexts (upstream/downstream)","service-decomposition-and-ddd|terminology"
"What is **Anti-corruption layer (ACL)**?","Translation layer protecting a context from foreign models","service-decomposition-and-ddd|terminology"
"What is **Shared kernel**?","Small shared model between two contexts—use sparingly","service-decomposition-and-ddd|terminology"
"What is **Conway's Law**?","System design reflects organizational communication structure","service-decomposition-and-ddd|terminology"
"What is **Database per service**?","Each service owns its schema; no cross-service SQL joins in production","service-decomposition-and-ddd|terminology"
"What is **Strangler fig**?","Incrementally replace monolith by routing traffic to new services","service-decomposition-and-ddd|terminology"
"Summarize the core idea of **Service Decomposition and DDD**.","**Service decomposition** is the act of partitioning a system into independently deployable services aligned with business capability boundaries. **Domain-Driven Design (DDD)** provides the strategic vocabulary—**bounded contexts**, **ubiquitous language**, **aggregates**, and **domain events**—to make those boundaries durable rather than arbitrary.","service-decomposition-and-ddd|summary"
"What is **Data plane**?","Proxies handling actual request traffic (Envoy)","service-mesh-and-sidecars|terminology"
"What is **Control plane**?","Config distribution, certs, service discovery (Istiod)","service-mesh-and-sidecars|terminology"
"What is **Sidecar**?","Proxy container alongside app container in pod","service-mesh-and-sidecars|terminology"
"What is **mTLS**?","Mutual TLS—both client and server present certificates","service-mesh-and-sidecars|terminology"
"What is **SPIFFE/SPIRE**?","Workload identity framework and implementation","service-mesh-and-sidecars|terminology"
"What is **VirtualService**?","Istio L7 routing rules (weights, headers)","service-mesh-and-sidecars|terminology"
"What is **DestinationRule**?","Subset definitions, TLS mode, load balancing","service-mesh-and-sidecars|terminology"
"What is **xDS**?","Discovery APIs (CDS, EDS, LDS, RDS) pushing config to Envoy","service-mesh-and-sidecars|terminology"
"What is **Ambient mesh**?","eBPF-based mesh reducing per-pod sidecars (Istio ambient mode)","service-mesh-and-sidecars|terminology"
"What is **Ingress gateway**?","North-south entry; distinct from east-west sidecars","service-mesh-and-sidecars|terminology"
"Summarize the core idea of **Service Mesh and Sidecars**.","A **service mesh** is an infrastructure layer that handles **service-to-service communication**—security (mTLS), traffic management (routing, retries, timeouts), and observability (metrics, traces)—without embedding all logic in application code. The dominant deployment model uses **sidecar proxies** (typically **Envoy**) colocated with each workload pod, controlled by a **control plane** (e.g., **Istio**, **Linkerd**).","service-mesh-and-sidecars|summary"
"What is **Backward compatible**?","New schema read by old consumers","api-versioning-and-evolution|terminology"
"What is **Forward compatible**?","Old schema read by new consumers","api-versioning-and-evolution|terminology"
"What is **Full compatible**?","Both directions","api-versioning-and-evolution|terminology"
"What is **Breaking change**?","Old clients fail on new producer or vice versa","api-versioning-and-evolution|terminology"
"What is **Expand-contract**?","Add new API; migrate; remove old","api-versioning-and-evolution|terminology"
"What is **Sunset header**?","HTTP `Sunset` RFC 8594 deprecation date","api-versioning-and-evolution|terminology"
"What is **Schema registry**?","Central store with compatibility enforcement (Confluent, Buf)","api-versioning-and-evolution|terminology"
"What is **Consumer-driven contract**?","Consumers define expectations; providers verify","api-versioning-and-evolution|terminology"
"What is **Dual write**?","Write both old and new formats during migration","api-versioning-and-evolution|terminology"
"What is **Strangler API**?","Route traffic gradually to new implementation","api-versioning-and-evolution|terminology"
"Summarize the core idea of **API Versioning and Evolution**.","**API versioning** is how systems evolve public and internal contracts without breaking dependents. Strategies span **URL versioning** (`/v2/orders`), **header versioning** (`Accept: application/vnd.company.v2+json`), **package versioning** (gRPC `package orders.v2`), and **schema compatibility** (protobuf field rules, Avro BACKWARD mode). The deepest principle is **expand-contract, shrink-implementation**: add compatible changes first, migrate consumers, then remove deprecated surfaces.","api-versioning-and-evolution|summary"
"What is **REST**?","Architectural style: resources, HTTP methods, stateless","rest-grpc-and-graphql|terminology"
"What is **OpenAPI**?","Machine-readable REST API specification","rest-grpc-and-graphql|terminology"
"What is **gRPC**?","RPC framework using protobuf over HTTP/2","rest-grpc-and-graphql|terminology"
"What is **Protobuf**?","Binary serialization with schema evolution rules","rest-grpc-and-graphql|terminology"
"What is **GraphQL**?","Query language + runtime executing against schema","rest-grpc-and-graphql|terminology"
"What is **Resolver**?","GraphQL function fetching field data","rest-grpc-and-graphql|terminology"
"What is **BFF**?","Backend-for-Frontend tailored API per client type","rest-grpc-and-graphql|terminology"
"What is **HTTP/2**?","Multiplexed streams; header compression","rest-grpc-and-graphql|terminology"
"What is **Deadline**?","gRPC propagated timeout budget","rest-grpc-and-graphql|terminology"
"What is **N+1 problem**?","GraphQL resolvers causing one query per child entity","rest-grpc-and-graphql|terminology"
"Summarize the core idea of **REST, gRPC, and GraphQL**.","**REST** (Representational State Transfer over HTTP) models resources with verbs and status codes—ubiquitous, cache-friendly, and human-debuggable. **gRPC** uses **Protocol Buffers** over **HTTP/2** for strongly typed, bidirectional streaming RPC with efficient binary serialization—dominant for internal service-to-service calls. **GraphQL** provides a **schema-driven query language** where clients request exactly the fields they need—excellent for aggregating multiple backends behind a single AP","rest-grpc-and-graphql|summary"
"What is **Region**?","Geographic area with multiple isolated AZs; unit of data residency for most services","aws-fundamentals|terminology"
"What is **Availability Zone (AZ)**?","One or more datacenters with independent power/network within a region","aws-fundamentals|terminology"
"What is **Local Zone / Wavelength**?","Edge extensions for latency-sensitive workloads","aws-fundamentals|terminology"
"What is **VPC**?","Virtual Private Cloud—isolated virtual network in a region","aws-fundamentals|terminology"
"What is **Subnet**?","IP range segment within a VPC, bound to one AZ","aws-fundamentals|terminology"
"What is **Security Group**?","Stateful virtual firewall attached to ENIs/instances","aws-fundamentals|terminology"
"What is **NACL**?","Stateless subnet-level firewall (less common at app tier)","aws-fundamentals|terminology"
"What is **IAM**?","Identity and Access Management—authentication/authorization for AWS APIs","aws-fundamentals|terminology"
"What is **IAM Role**?","Assumable identity with temporary credentials via STS","aws-fundamentals|terminology"
"What is **ARN**?","Amazon Resource Name—unique identifier for AWS resources","aws-fundamentals|terminology"
"What is **ENI**?","Elastic Network Interface—virtual NIC in VPC","aws-fundamentals|terminology"
"What is **EBS**?","Elastic Block Store—network-attached block volumes for EC2","aws-fundamentals|terminology"
"What is **S3**?","Object storage with bucket/key model","aws-fundamentals|terminology"
"What is **RDS**?","Managed relational database service","aws-fundamentals|terminology"
"What is **Lambda**?","Serverless function execution environment","aws-fundamentals|terminology"
"What is **ALB/NLB**?","Application/Network Load Balancer","aws-fundamentals|terminology"
"What is **CloudFormation / CDK**?","Infrastructure as Code on AWS","aws-fundamentals|terminology"
"What is **Well-Architected Framework**?","Six pillars: operational excellence, security, reliability, performance, cost, sustainability","aws-fundamentals|terminology"
"Summarize the core idea of **AWS Fundamentals**.","**Amazon Web Services (AWS)** is a hyperscale public cloud platform organized around **regions**, **Availability Zones (AZs)**, and a catalog of managed services spanning compute, storage, networking, databases, security, and operations. Principal architects must reason about AWS not as a bag of product names but as a **distributed system** with explicit **failure domains**, **API-driven control planes**, **shared responsibility boundaries**, and **economic tradeoffs** baked into every design ch","aws-fundamentals|summary"
"What is **RTO**?","Recovery Time Objective—max acceptable downtime","multi-region-architecture|terminology"
"What is **RPO**?","Recovery Point Objective—max acceptable data loss window","multi-region-architecture|terminology"
"What is **Active-passive**?","Primary region serves traffic; secondary on standby","multi-region-architecture|terminology"
"What is **Active-active**?","Multiple regions serve traffic concurrently","multi-region-architecture|terminology"
"What is **Pilot light**?","Minimal core running in DR region; scale up on failover","multi-region-architecture|terminology"
"What is **Warm standby**?","Scaled-down but functional DR environment","multi-region-architecture|terminology"
"What is **Backup and restore**?","Periodic backups restored after incident","multi-region-architecture|terminology"
"What is **Global table / global database**?","AWS-managed multi-region replication","multi-region-architecture|terminology"
"What is **Route 53 health check**?","Automated DNS failover trigger","multi-region-architecture|terminology"
"What is **Global Accelerator**?","Anycast static IPs; health-based regional routing","multi-region-architecture|terminology"
"What is **Split brain**?","Two regions both believe they are primary","multi-region-architecture|terminology"
"What is **Conflict resolution**?","Rules for concurrent writes in active-active","multi-region-architecture|terminology"
"What is **Cell-based architecture**?","Shard users/data by region or partition","multi-region-architecture|terminology"
"What is **Runbook / game day**?","Documented and practiced failover procedure","multi-region-architecture|terminology"
"Summarize the core idea of **Multi-Region Architecture**.","**Multi-region architecture** distributes workloads across geographically separated AWS **regions** to achieve disaster recovery (DR), regulatory **data residency**, reduced **latency** for global users, and containment of **blast radius** beyond single-region failures. Unlike multi-AZ design—which handles datacenter-scale faults within one region—multi-region design confronts **higher latency**, **weaker consistency** across replicas, **operational complexity**, and **material cost**.","multi-region-architecture|summary"
"What is **Pod**?","Smallest deployable unit; one or more containers sharing network namespace","kubernetes-architecture|terminology"
"What is **Node**?","Worker machine running kubelet and runtime","kubernetes-architecture|terminology"
"What is **Control plane**?","Cluster management components","kubernetes-architecture|terminology"
"What is **etcd**?","Distributed key-value store for cluster state","kubernetes-architecture|terminology"
"What is **kube-apiserver**?","Front door to cluster state; REST API","kubernetes-architecture|terminology"
"What is **Scheduler**?","Assigns pods to nodes","kubernetes-architecture|terminology"
"What is **Controller**?","Reconciliation loop (Deployment, ReplicaSet, etc.)","kubernetes-architecture|terminology"
"What is **Service**?","Stable virtual IP/DNS for pod set","kubernetes-architecture|terminology"
"What is **Ingress**?","L7 HTTP routing into cluster","kubernetes-architecture|terminology"
"What is **CNI**?","Container Network Interface plugin (Calico, Cilium, etc.)","kubernetes-architecture|terminology"
"What is **CSI**?","Container Storage Interface for volumes","kubernetes-architecture|terminology"
"Summarize the core idea of **Kubernetes Architecture**.","**Kubernetes (K8s)** is a container orchestration platform that automates deployment, scaling, networking, and healing of containerized workloads. Its architecture splits into the **control plane** (API server, etcd, scheduler, controller managers) and **data plane** (kubelet, container runtime, CNI networking on worker nodes). Declarative **desired state** in etcd is continuously reconciled by controllers—a pattern principal architects must understand beyond `kubectl apply`.","kubernetes-architecture|summary"
"What is **IDP**?","Internal Developer Platform—self-service tooling layer","platform-engineering-and-gitops|terminology"
"What is **Golden path**?","Default supported way to build and deploy","platform-engineering-and-gitops|terminology"
"What is **GitOps**?","Git-driven declarative operations with reconciliation","platform-engineering-and-gitops|terminology"
"What is **Argo CD / Flux**?","GitOps continuous delivery controllers","platform-engineering-and-gitops|terminology"
"What is **Backstage**?","CNCF developer portal framework","platform-engineering-and-gitops|terminology"
"What is **Platform team**?","Team building capabilities for other engineers","platform-engineering-and-gitops|terminology"
"What is **Thinnest viable platform**?","Minimum platform scope that reduces pain (Team Topologies)","platform-engineering-and-gitops|terminology"
"What is **Pull-based deploy**?","Cluster pulls desired state vs CI pushing kubectl","platform-engineering-and-gitops|terminology"
"What is **App of Apps**?","Argo pattern bootstrapping multiple applications","platform-engineering-and-gitops|terminology"
"What is **Policy as code**?","OPA, Kyverno enforcing standards automatically","platform-engineering-and-gitops|terminology"
"Summarize the core idea of **Platform Engineering and GitOps**.","**Platform engineering** builds **Internal Developer Platforms (IDPs)** that provide self-service **golden paths**—opinionated, supported workflows for deploying, observing, and securing applications without every product team reinventing Kubernetes, CI/CD, and cloud primitives. **GitOps** extends Git as the **single source of truth** for desired infrastructure and application state: changes flow through pull request review, automated sync (e.g., **Argo CD**, **Flux**), and continuous reconcilia","platform-engineering-and-gitops|summary"
"What is **Steady-state hypothesis**?","Expected normal behavior metrics during experiment","chaos-engineering|terminology"
"What is **Blast radius**?","Scope of fault impact (pods, AZ, region)","chaos-engineering|terminology"
"What is **Fault injection**?","Latency, error, CPU, network partition, kill","chaos-engineering|terminology"
"What is **Game day**?","Planned reliability exercise often with chaos","chaos-engineering|terminology"
"What is **Chaos Monkey**?","Random instance termination (Netflix origin)","chaos-engineering|terminology"
"What is **Litmus / Chaos Mesh**?","K8s chaos engineering frameworks","chaos-engineering|terminology"
"What is **Gremlin**?","Commercial chaos platform","chaos-engineering|terminology"
"What is **Abort condition**?","Auto-stop if error budget burns too fast","chaos-engineering|terminology"
"What is **Failure injection**?","Synonym for controlled fault","chaos-engineering|terminology"
"What is **Antifragile**?","Systems improving from stress—aspirational goal","chaos-engineering|terminology"
"Summarize the core idea of **Chaos Engineering**.","**Chaos engineering** is the discipline of experimenting on production or production-like systems by injecting **controlled faults** to build confidence that systems withstand turbulent conditions. Originating at Netflix with **Chaos Monkey**, it operationalizes the reality that **distributed systems fail**—and untested failure modes hurt more than injected ones.","chaos-engineering|summary"
"What is **RTO**?","Max acceptable downtime to restore service","disaster-recovery-and-multi-region|terminology"
"What is **RPO**?","Max acceptable data loss measured in time","disaster-recovery-and-multi-region|terminology"
"What is **BIA**?","Business Impact Analysis prioritizing systems","disaster-recovery-and-multi-region|terminology"
"What is **Active-passive**?","Secondary idle until failover","disaster-recovery-and-multi-region|terminology"
"What is **Active-active**?","Multiple regions serve traffic concurrently","disaster-recovery-and-multi-region|terminology"
"What is **Pilot light**?","Minimal core running in DR region","disaster-recovery-and-multi-region|terminology"
"What is **Warm standby**?","Scaled-down but functional DR environment","disaster-recovery-and-multi-region|terminology"
"What is **Split-brain**?","Two primaries accepting writes—data divergence","disaster-recovery-and-multi-region|terminology"
"What is **Global load balancer**?","Routes users to healthy region (Route 53, GSLB)","disaster-recovery-and-multi-region|terminology"
"What is **Immutable backup**?","WORM storage resistant to ransomware overwrite","disaster-recovery-and-multi-region|terminology"
"Summarize the core idea of **Disaster Recovery and Multi-Region**.","**Disaster recovery (DR)** is the capability to restore critical systems after regional failures, data corruption, or catastrophic outages. **Multi-region architecture** distributes workloads across geographic locations for **availability**, **latency**, and **regulatory** requirements. The defining metrics are **RTO** (Recovery Time Objective—how fast you recover) and **RPO** (Recovery Point Objective—how much data loss is acceptable).","disaster-recovery-and-multi-region|summary"
"What is **SLI**?","Quantitative measure of service aspect (e.g., success rate)","slo-sli-error-budgets|terminology"
"What is **SLO**?","Target value/range for SLI over time window","slo-sli-error-budgets|terminology"
"What is **SLA**?","Contract with customer consequences (credits, penalties)","slo-sli-error-budgets|terminology"
"What is **Error budget**?","1 − SLO target (allowed bad events)","slo-sli-error-budgets|terminology"
"What is **Burn rate**?","Rate of budget consumption vs steady state","slo-sli-error-budgets|terminology"
"What is **Multi-window alert**?","Fast burn (1h) + slow burn (6h) pages","slo-sli-error-budgets|terminology"
"What is **Availability**?","Proportion of successful requests or uptime","slo-sli-error-budgets|terminology"
"What is **Latency SLI**?","Fraction of requests faster than threshold","slo-sli-error-budgets|terminology"
"What is **Good event / valid event**?","Numerator/denominator definitions for SLI","slo-sli-error-budgets|terminology"
"What is **Tier-1 / Tier-2 service**?","Criticality classification driving SLO strictness","slo-sli-error-budgets|terminology"
"Summarize the core idea of **SLOs, SLIs, and Error Budgets**.","**Service Level Indicators (SLIs)**, **Service Level Objectives (SLOs)**, and **error budgets** form the quantitative backbone of modern reliability engineering. An **SLI** is a measured signal of service behavior (availability, latency, correctness). An **SLO** is a target threshold over a window (e.g., 99.9% of requests succeed in 30 days). The **error budget** is the complement—the acceptable unreliability before the SLO is breached.","slo-sli-error-budgets|summary"
"What is **OpenTelemetry**?","CNCF observability framework","distributed-tracing|terminology"
"What is **OTel SDK**?","Language instrumentation library","distributed-tracing|terminology"
"What is **Collector**?","Receive, process, export telemetry","distributed-tracing|terminology"
"What is **Exporter**?","Sends spans to backend","distributed-tracing|terminology"
"What is **traceparent**?","W3C header carrying trace context","distributed-tracing|terminology"
"What is **Head sampling**?","Decide at trace start","distributed-tracing|terminology"
"What is **Tail sampling**?","Decide after trace completes","distributed-tracing|terminology"
"What is **Probabilistic sampling**?","Random fraction (e.g., 1%)","distributed-tracing|terminology"
"What is **Cardinality**?","Unique attribute combination count","distributed-tracing|terminology"
"What is **Service map**?","Derived graph of dependencies","distributed-tracing|terminology"
"What is **Exemplar**?","Link metric sample to trace ID","distributed-tracing|terminology"
"What is **Instrumentation scope**?","Manual vs auto instrumentation boundary","distributed-tracing|terminology"
"Summarize the core idea of **Distributed Tracing**.","**Distributed tracing** records the end-to-end path of a request as it traverses microservices, queues, databases, and external APIs—producing a **trace** composed of **spans** with timing, metadata, and causal parent-child relationships. While metrics show *that* latency increased and logs show *what* a single service logged, traces show *where* time was spent across the distributed call graph.","distributed-tracing|summary"
"What is **Metric**?","Numeric time-series measurement (counter, gauge, histogram)","observability-fundamentals|terminology"
"What is **Log**?","Discrete timestamped event record","observability-fundamentals|terminology"
"What is **Trace**?","End-to-end request path; tree of **spans**","observability-fundamentals|terminology"
"What is **Span**?","Single operation with timing, attributes, status","observability-fundamentals|terminology"
"What is **Cardinality**?","Number of unique time-series label combinations","observability-fundamentals|terminology"
"What is **Histogram**?","Distribution bucket counts for latency/size","observability-fundamentals|terminology"
"What is **Exemplar**?","Link from metric bucket to example trace","observability-fundamentals|terminology"
"What is **OpenTelemetry (OTel)**?","CNCF standard for traces, metrics, logs","observability-fundamentals|terminology"
"What is **Collector**?","Agent/gateway receiving, processing, exporting telemetry","observability-fundamentals|terminology"
"What is **Instrumentation**?","Code/library emitting telemetry","observability-fundamentals|terminology"
"What is **Structured log**?","JSON/key-value logs for queryability","observability-fundamentals|terminology"
"What is **Correlation ID**?","Identifier tying logs/traces to one request","observability-fundamentals|terminology"
"What is **Sampling**?","Recording subset of traces to control cost","observability-fundamentals|terminology"
"What is **RED method**?","Rate, Errors, Duration for services","observability-fundamentals|terminology"
"What is **USE method**?","Utilization, Saturation, Errors for resources","observability-fundamentals|terminology"
"Summarize the core idea of **Observability Fundamentals**.","**Observability** is the ability to understand a system's internal state from its **external outputs**—primarily **metrics**, **logs**, and **distributed traces**—to answer novel questions during incidents and performance work without redeploying code. Unlike traditional **monitoring** (known failure modes with predefined dashboards), observability supports **exploratory debugging** in complex distributed systems where failures emerge from interaction, not single components.","observability-fundamentals|summary"
"What is **CIA triad**?","Confidentiality, Integrity, Availability","security-architecture-fundamentals|terminology"
"What is **Authentication**?","Proving identity (who)","security-architecture-fundamentals|terminology"
"What is **Authorization**?","Permitting action (what)","security-architecture-fundamentals|terminology"
"What is **Zero trust**?","Verify every request; no implicit network trust","security-architecture-fundamentals|terminology"
"What is **Defense in depth**?","Layered controls","security-architecture-fundamentals|terminology"
"What is **STRIDE**?","Spoofing, Tampering, Repudiation, Info disclosure, DoS, Elevation","security-architecture-fundamentals|terminology"
"What is **mTLS**?","Mutual TLS—client and server certificates","security-architecture-fundamentals|terminology"
"What is **KMS**?","AWS Key Management Service for encryption keys","security-architecture-fundamentals|terminology"
"What is **CMK**?","Customer Master Key","security-architecture-fundamentals|terminology"
"What is **HSM**?","Hardware Security Module (CloudHSM, KMS custom key store)","security-architecture-fundamentals|terminology"
"What is **WAF**?","Web Application Firewall","security-architecture-fundamentals|terminology"
"What is **SCP**?","Service Control Policy in AWS Organizations","security-architecture-fundamentals|terminology"
"What is **SBOM**?","Software Bill of Materials","security-architecture-fundamentals|terminology"
"What is **CSPM**?","Cloud Security Posture Management","security-architecture-fundamentals|terminology"
"What is **MTTD / MTTR**?","Mean time to detect / respond","security-architecture-fundamentals|terminology"
"Summarize the core idea of **Security Architecture Fundamentals**.","**Security architecture** defines how a system protects **confidentiality**, **integrity**, and **availability** against intentional and accidental threats across people, processes, and technology. At principal level, security is not a checklist of tools—it is a **design discipline** integrating **identity**, **network segmentation**, **encryption**, **supply chain controls**, and **detective response** into every architecture decision.","security-architecture-fundamentals|summary"
"What is **ZTA**?","Zero Trust Architecture","zero-trust-architecture|terminology"
"What is **ZTNA**?","Zero Trust Network Access—app-level access","zero-trust-architecture|terminology"
"What is **PEP**?","Policy Enforcement Point","zero-trust-architecture|terminology"
"What is **mTLS**?","Mutual TLS—both sides present certificates","zero-trust-architecture|terminology"
"What is **Microsegmentation**?","Fine-grained network/policy isolation","zero-trust-architecture|terminology"
"What is **Device posture**?","Health signals (patch level, encryption)","zero-trust-architecture|terminology"
"What is **BeyondCorp**?","Google's zero-trust implementation model","zero-trust-architecture|terminology"
"What is **Least privilege**?","Minimum access required for task","zero-trust-architecture|terminology"
"What is **East-west traffic**?","Service-to-service internal traffic","zero-trust-architecture|terminology"
"What is **North-south traffic**?","Client-to-service edge traffic","zero-trust-architecture|terminology"
"What is **Continuous authorization**?","Re-evaluate risk during session","zero-trust-architecture|terminology"
"What is **Implicit trust zone**?","Legacy pattern zero trust removes","zero-trust-architecture|terminology"
"Summarize the core idea of **Zero Trust Architecture**.","**Zero trust architecture (ZTA)** is a security model that eliminates implicit trust based on network location—""inside the corporate VPN""—and instead requires **continuous verification** of identity, device posture, and authorization for every access request. The mantra **""never trust, always verify""** means every transaction is authenticated, authorized, encrypted, and logged regardless of whether it originates from headquarters, a coffee shop, or a compromised subnet.","zero-trust-architecture|summary"
"What is **Data catalog**?","Searchable inventory of datasets and metadata","data-governance-and-lineage|terminology"
"What is **Lineage**?","Directed graph of data dependencies","data-governance-and-lineage|terminology"
"What is **Data steward**?","Role accountable for domain data quality","data-governance-and-lineage|terminology"
"What is **ABAC**?","Attribute-based access control","data-governance-and-lineage|terminology"
"What is **Column mask**?","Dynamic redaction (e.g., hash email)","data-governance-and-lineage|terminology"
"What is **Row filter**?","Predicate limiting visible rows per role","data-governance-and-lineage|terminology"
"What is **OpenLineage**?","Open standard for lineage event emission","data-governance-and-lineage|terminology"
"What is **Data contract**?","Schema, SLA, and semantic guarantees","data-governance-and-lineage|terminology"
"What is **Data product**?","Owned, documented, consumable dataset","data-governance-and-lineage|terminology"
"What is **Certification**?","Human/automated approval for production use","data-governance-and-lineage|terminology"
"Summarize the core idea of **Data Governance and Lineage**.","**Data governance** defines who can access what data, under which policies, with auditable accountability. **Data lineage** traces how data flows from sources through transformations to consumption—enabling impact analysis, debugging, and regulatory evidence. Together they form the **control plane** of modern data platforms, without which lakehouses devolve into unsearchable swamps that fail GDPR, SOX, and internal risk reviews.","data-governance-and-lineage|summary"
"What is **Open table format**?","Specification for table metadata, snapshots, and file layout (Iceberg, Delta, Hudi)","data-lakehouse-architecture|terminology"
"What is **Medallion architecture**?","Bronze (raw) → silver (cleaned) → gold (curated) layering","data-lakehouse-architecture|terminology"
"What is **Snapshot**?","Point-in-time consistent view of table files","data-lakehouse-architecture|terminology"
"What is **Compaction**?","Merging small files into larger objects for scan efficiency","data-lakehouse-architecture|terminology"
"What is **Partition**?","Logical subdivision (often by date/region) affecting pruning","data-lakehouse-architecture|terminology"
"What is **Manifest / metadata file**?","Catalog of data files belonging to a snapshot","data-lakehouse-architecture|terminology"
"What is **COPY-ON-WRITE (COW)**?","Updates rewrite data files (Iceberg default for many ops)","data-lakehouse-architecture|terminology"
"What is **MERGE-ON-READ (MOR)**?","Updates logged separately; compacted later (Hudi MOR)","data-lakehouse-architecture|terminology"
"What is **Z-ordering**?","Multi-dimensional clustering for scan pruning (Delta)","data-lakehouse-architecture|terminology"
"What is **Data skipping**?","Min/max statistics in metadata to avoid reading irrelevant files","data-lakehouse-architecture|terminology"
"Summarize the core idea of **Data Lakehouse Architecture**.","A **data lakehouse** unifies the low-cost, schema-flexible storage of a **data lake** (object storage such as S3, GCS, or ADLS) with the **transactional semantics**, **schema enforcement**, and **performance optimizations** traditionally associated with a **data warehouse**. The architectural breakthrough is not a single product—it is the **open table format** layer (Apache Iceberg, Delta Lake, Apache Hudi) that sits above Parquet/ORC files and provides **ACID transactions**, **time travel**, **","data-lakehouse-architecture|summary"
"What is **Event time**?","Timestamp embedded in event payload","stream-and-batch-processing|terminology"
"What is **Processing time**?","Wall clock when processor observes event","stream-and-batch-processing|terminology"
"What is **Watermark**?","Lower bound on unseen event times in stream","stream-and-batch-processing|terminology"
"What is **Window**?","Bounded slice for aggregation (tumbling, sliding, session)","stream-and-batch-processing|terminology"
"What is **Allowed lateness**?","Grace period after watermark for late events","stream-and-batch-processing|terminology"
"What is **Checkpoint**?","Flink periodic consistent snapshot of state + offsets","stream-and-batch-processing|terminology"
"What is **Micro-batch**?","Spark Streaming divides stream into small batch jobs","stream-and-batch-processing|terminology"
"What is **Side output**?","Route late or invalid records to separate stream","stream-and-batch-processing|terminology"
"What is **Retraction**?","Update prior emission when late data changes result","stream-and-batch-processing|terminology"
"What is **Changelog stream**?","Table represented as insert/update/delete events","stream-and-batch-processing|terminology"
"Summarize the core idea of **Stream and Batch Processing**.","**Stream processing** continuously transforms unbounded event streams with low latency; **batch processing** applies transformations to bounded datasets with high throughput and simpler fault tolerance. Modern data platforms rarely choose one exclusively—they implement **unified engines** (Apache Flink, Spark Structured Streaming) that expose similar APIs for both, while architectural patterns (**Lambda**, **Kappa**) describe how organizations combine speed and correctness layers.","stream-and-batch-processing|summary"
"What is **Data parallelism (DP)**?","Replicate model; shard batches; AllReduce gradients","distributed-training-and-inference|terminology"
"What is **Tensor parallelism (TP)**?","Split individual tensors/layers across GPUs","distributed-training-and-inference|terminology"
"What is **Pipeline parallelism (PP)**?","Stages of model on different devices","distributed-training-and-inference|terminology"
"What is **ZeRO**?","Shard optimizer states across data parallel ranks","distributed-training-and-inference|terminology"
"What is **AllReduce**?","Collective summing gradients across workers","distributed-training-and-inference|terminology"
"What is **Ring AllReduce**?","Bandwidth-optimal ring communication pattern","distributed-training-and-inference|terminology"
"What is **Checkpoint**?","Persist model + optimizer state for resume","distributed-training-and-inference|terminology"
"What is **Continuous batching**?","Dynamic batch inference requests (vLLM)","distributed-training-and-inference|terminology"
"What is **KV cache**?","Stored attention keys/values during autoregressive decode","distributed-training-and-inference|terminology"
"What is **FSDP**?","Fully Sharded Data Parallel (PyTorch)","distributed-training-and-inference|terminology"
"Summarize the core idea of **Distributed Training and Inference**.","Training and serving large machine learning models at scale requires treating **GPU clusters as distributed systems** with distinct failure modes, communication patterns, and scheduling constraints. **Distributed training** partitions work across devices using **data parallelism** (same model, different batches), **tensor parallelism** (split layers across GPUs), **pipeline parallelism** (split layers sequentially), and **expert parallelism** (MoE routing). Synchronization relies on collective o","distributed-training-and-inference|summary"
"What is **TTFT**?","Time to first token","llm-serving-and-model-gateways|terminology"
"What is **TPOT**?","Time per output token (inter-token latency)","llm-serving-and-model-gateways|terminology"
"What is **Continuous batching**?","Dynamic grouping of inference requests","llm-serving-and-model-gateways|terminology"
"What is **PagedAttention**?","Non-contiguous KV cache memory management","llm-serving-and-model-gateways|terminology"
"What is **Model gateway**?","Policy and routing layer before inference","llm-serving-and-model-gateways|terminology"
"What is **Speculative decoding**?","Draft model proposes; target verifies","llm-serving-and-model-gateways|terminology"
"What is **Prefix caching**?","Reuse KV for shared prompt prefixes","llm-serving-and-model-gateways|terminology"
"What is **Quantization**?","Reduced precision weights (INT8/FP8/INT4)","llm-serving-and-model-gateways|terminology"
"What is **Disaggregated serving**?","Separate prefill and decode workers","llm-serving-and-model-gateways|terminology"
"What is **OpenAI-compatible API**?","`/v1/chat/completions` contract","llm-serving-and-model-gateways|terminology"
"Summarize the core idea of **LLM Serving and Model Gateways**.","**LLM serving** exposes large language models as production APIs with stringent **latency**, **throughput**, and **cost** requirements. Unlike traditional microservices, inference workloads are **GPU-bound**, **memory-shaped by KV cache**, and **bimodal**—prefill (compute-intensive, parallel) vs decode (memory-bandwidth-intensive, sequential). Production stacks use specialized runtimes (**vLLM**, **TensorRT-LLM**, **TGI**) with **continuous batching**, **PagedAttention**, and **quantization** (F","llm-serving-and-model-gateways|summary"
"What is **Embedding**?","Dense vector representation of text","rag-architecture|terminology"
"What is **Chunk**?","Indexed text segment with metadata","rag-architecture|terminology"
"What is **Vector database**?","ANN index for similarity search","rag-architecture|terminology"
"What is **BM25**?","Sparse lexical retrieval scoring","rag-architecture|terminology"
"What is **Hybrid search**?","Combine dense + sparse scores","rag-architecture|terminology"
"What is **Reranker**?","Cross-encoder scoring query-doc pairs","rag-architecture|terminology"
"What is **Top-k**?","Number of chunks retrieved","rag-architecture|terminology"
"What is **MMR**?","Maximal Marginal Relevance—diversity in results","rag-architecture|terminology"
"What is **Faithfulness**?","Answer supported by retrieved context","rag-architecture|terminology"
"What is **GraphRAG**?","Knowledge graph enhanced retrieval [research/product evolving]","rag-architecture|terminology"
"Summarize the core idea of **RAG Architecture**.","**Retrieval-Augmented Generation (RAG)** grounds large language model responses in **external knowledge** retrieved at query time, reducing hallucinations and enabling answers over private corpora without full model retraining. A production RAG system spans **ingestion** (chunking, embedding, indexing), **retrieval** (dense vector, sparse BM25, hybrid), **reranking**, **context assembly**, and **generation** with careful **prompt engineering** and **evaluation**.","rag-architecture|summary"
"What is **Guardrail**?","Input/output policy filter","agent-governance-and-safety|terminology"
"What is **Policy engine**?","Rules evaluating tool calls and content","agent-governance-and-safety|terminology"
"What is **HITL**?","Human approval gate","agent-governance-and-safety|terminology"
"What is **Red teaming**?","Adversarial testing for exploits","agent-governance-and-safety|terminology"
"What is **Eval harness**?","Automated task success and safety metrics","agent-governance-and-safety|terminology"
"What is **Kill switch**?","Emergency agent disable","agent-governance-and-safety|terminology"
"What is **Agent registry**?","Inventory of agents, owners, risk tier","agent-governance-and-safety|terminology"
"What is **Faithfulness**?","Output grounded in authorized context","agent-governance-and-safety|terminology"
"What is **Jailbreak**?","Bypass of safety instructions","agent-governance-and-safety|terminology"
"What is **OWASP LLM Top 10**?","Common LLM application risks taxonomy","agent-governance-and-safety|terminology"
"Summarize the core idea of **Agent Governance and Safety**.","**Agent governance** defines policies, accountability, and lifecycle controls for autonomous AI systems that take actions in enterprise environments. **Agent safety** ensures those systems operate within **acceptable risk bounds**: preventing unauthorized data exfiltration, destructive operations, policy violations, and unbounded autonomous behavior. Together they form the **compliance and risk layer** atop agent platforms—analogous to how [data governance](/docs/data-platforms/data-governance-a","agent-governance-and-safety|summary"
"What is **Agent loop**?","Iterative reason-act-observe cycle","agent-platform-architecture|terminology"
"What is **Tool / function calling**?","Structured LLM output invoking external API","agent-platform-architecture|terminology"
"What is **ReAct**?","Reasoning + Acting interleaved pattern","agent-platform-architecture|terminology"
"What is **Plan-and-execute**?","Plan first, then execute steps","agent-platform-architecture|terminology"
"What is **MCP**?","Model Context Protocol for tool/resource servers","agent-platform-architecture|terminology"
"What is **Orchestrator**?","Runtime managing agent state and routing","agent-platform-architecture|terminology"
"What is **Supervisor agent**?","Delegates to specialist sub-agents","agent-platform-architecture|terminology"
"What is **Checkpoint**?","Persisted agent state for resume","agent-platform-architecture|terminology"
"What is **HITL**?","Human-in-the-loop approval","agent-platform-architecture|terminology"
"What is **Tool budget**?","Max invocations per session","agent-platform-architecture|terminology"
"Summarize the core idea of **Agent Platform Architecture**.","An **agent platform** enables LLM-powered systems to **plan**, **invoke tools**, **maintain state**, and **execute multi-step workflows** autonomously within policy bounds. Unlike single-shot chat completion, agents run **loops**: observe context → reason → select tool → execute → incorporate result → repeat until termination. Production platforms provide **orchestration runtimes** (LangGraph, Temporal-backed agents, custom state machines), **tool registries** with schema validation, **Model Con","agent-platform-architecture|summary"
"What is **Agent loop**?","Reason → tool select → execute → observe cycle","agentic-ai-platform-design|terminology"
"What is **Tool / function calling**?","Structured LLM output invoking API","agentic-ai-platform-design|terminology"
"What is **ReAct**?","Interleaved reasoning and acting","agentic-ai-platform-design|terminology"
"What is **Plan-and-execute**?","Plan phase then execution phase","agentic-ai-platform-design|terminology"
"What is **MCP**?","Model Context Protocol for tool servers","agentic-ai-platform-design|terminology"
"What is **HITL**?","Human-in-the-loop approval gate","agentic-ai-platform-design|terminology"
"What is **Durable execution**?","Workflow survives worker crash","agentic-ai-platform-design|terminology"
"What is **Checkpoint**?","Persisted run state for resume","agentic-ai-platform-design|terminology"
"What is **Tool gateway**?","Policy-enforced tool invocation layer","agentic-ai-platform-design|terminology"
"What is **Blast radius**?","Max damage from single compromised run","agentic-ai-platform-design|terminology"
"What is **Eval harness**?","Automated quality benchmark suite","agentic-ai-platform-design|terminology"
"What is **Kill switch**?","Emergency run termination API","agentic-ai-platform-design|terminology"
"Summarize the core idea of **Agentic AI Platform Design**.","An **agentic AI platform** enables organizations to build, deploy, and govern **autonomous LLM workflows** that plan, invoke tools, maintain state, and complete multi-step tasks within explicit policy bounds. Unlike a single chat endpoint, agent platforms provide **orchestration runtimes** (state machines, durable workflows), **tool registries** with schema validation and least-privilege credentials, **memory tiers** (session, episodic, organizational knowledge), **human-in-the-loop (HITL)** esc","agentic-ai-platform-design|summary"
"What is **API product**?","Versioned surface with owners and SLO","api-platform|terminology"
"What is **Consumer**?","Application using APIs via key or OAuth client","api-platform|terminology"
"What is **API gateway**?","Edge proxy for policy and routing","api-platform|terminology"
"What is **Developer portal**?","Self-service docs and credentials","api-platform|terminology"
"What is **Rate limit**?","Requests per time window per identity","api-platform|terminology"
"What is **Quota**?","Aggregate limit (daily/monthly)","api-platform|terminology"
"What is **OpenAPI**?","Machine-readable REST contract","api-platform|terminology"
"What is **Federation**?","GraphQL subgraph composition at gateway","api-platform|terminology"
"What is **mTLS**?","Mutual TLS for B2B partners","api-platform|terminology"
"What is **API key**?","Long-lived consumer credential (prefer OAuth for user-delegated)","api-platform|terminology"
"What is **Breaking change**?","Incompatible contract change for existing clients","api-platform|terminology"
"What is **Sandbox**?","Isolated environment with synthetic data","api-platform|terminology"
"Summarize the core idea of **API Platform**.","An **API platform** is the organizational product layer that enables teams to **publish**, **consume**, **secure**, **observe**, and **monetize** HTTP and RPC interfaces at scale. It combines an **API gateway** (traffic management, auth termination, rate limiting), a **developer portal** (documentation, keys, sandboxes), **lifecycle governance** (design-first specs, breaking-change detection), and **analytics** (usage, latency, error budgets per API product).","api-platform|summary"
"What is **Conversation / channel**?","Thread of messages between participants","chat-platform|terminology"
"What is **Sequence number**?","Monotonic ID per conversation","chat-platform|terminology"
"What is **Inbox**?","Per-user view of conversations","chat-platform|terminology"
"What is **Fan-out on write**?","Copy message to each member's inbox","chat-platform|terminology"
"What is **Fan-out on read**?","Store once; merge on read","chat-platform|terminology"
"What is **Connection registry**?","Maps user_id → WebSocket server","chat-platform|terminology"
"What is **Sync cursor**?","Last seen sequence per device","chat-platform|terminology"
"What is **CRDT**?","Conflict-free replicated data type (optional edits)","chat-platform|terminology"
"What is **APNs/FCM**?","Mobile push for offline","chat-platform|terminology"
"Summarize the core idea of **Chat Platform**.","A **chat platform** enables real-time and offline messaging between users in 1:1 and group conversations with delivery guarantees, ordering per conversation, presence, read receipts, and media attachments. Principal design centers on **connection management at scale**, **message fan-out**, **per-conversation ordering**, **sync for offline clients**, and **storage tiering** for message history.","chat-platform|summary"
"What is **Cache-aside**?","App loads DB on miss, populates cache","distributed-cache-design|terminology"
"What is **Read-through**?","Cache fetches from DB on miss","distributed-cache-design|terminology"
"What is **Write-through**?","Write cache + DB synchronously","distributed-cache-design|terminology"
"What is **Write-behind**?","Write cache; async flush DB","distributed-cache-design|terminology"
"What is **Consistent hashing**?","Minimal key movement on node add/remove","distributed-cache-design|terminology"
"What is **Virtual nodes (vnodes)**?","Many hash points per physical node","distributed-cache-design|terminology"
"What is **LRU**?","Evict least recently used","distributed-cache-design|terminology"
"What is **TTL**?","Time-to-live expiration","distributed-cache-design|terminology"
"What is **Cache stampede**?","Many requests miss simultaneously","distributed-cache-design|terminology"
"What is **Thundering herd**?","Backend overload after expiry","distributed-cache-design|terminology"
"What is **Hot key**?","Disproportionate access to one key","distributed-cache-design|terminology"
"Summarize the core idea of **Distributed Cache Design**.","A **distributed cache** provides low-latency, shared in-memory storage across application tiers to reduce database load and improve response times. Principal-level design covers **partitioning** (consistent hashing), **replication** for availability, **eviction policies**, **cache coherence** (invalidation vs. TTL), **hot key mitigation**, and **failure behavior** (cache stampede, thundering herd).","distributed-cache-design|summary"
"What is **Token bucket**?","Tokens refill at rate R; burst capacity B","distributed-rate-limiter|terminology"
"What is **Leaky bucket**?","Fixed outflow rate; smooths bursts","distributed-rate-limiter|terminology"
"What is **Fixed window**?","Counter resets each wall-clock window","distributed-rate-limiter|terminology"
"What is **Sliding window**?","Rolling count over last T seconds","distributed-rate-limiter|terminology"
"What is **Sliding window log**?","Store timestamps per request; precise but memory-heavy","distributed-rate-limiter|terminology"
"What is **Sliding window counter**?","Weighted blend of current + previous window","distributed-rate-limiter|terminology"
"What is **Lua script / atomic INCR**?","Redis atomicity for check-and-decrement","distributed-rate-limiter|terminology"
"What is **Fail-open**?","Allow traffic when limiter unavailable","distributed-rate-limiter|terminology"
"What is **Fail-closed**?","Deny when limiter unavailable","distributed-rate-limiter|terminology"
"What is **Cell-based limit**?","Divide time into cells; sum recent cells","distributed-rate-limiter|terminology"
"Summarize the core idea of **Distributed Rate Limiter**.","A **distributed rate limiter** enforces per-tenant, per-user, or per-API quotas across a fleet of stateless application servers with **consistent enforcement** despite clock skew, partial failures, and high request rates. Principal candidates must compare **token bucket**, **leaky bucket**, and **sliding window** algorithms; choose between **centralized** (Redis/etcd) and **approximate local** (gossip) approaches; and articulate **safety** (never exceed hard caps) vs. **liveness** (don't block a","distributed-rate-limiter|summary"
"What is **Block / chunk**?","Fixed or content-defined piece of file","dropbox-design|terminology"
"What is **Content hash**?","SHA-256 of block bytes—address in block store","dropbox-design|terminology"
"What is **File signature**?","Ordered list of block hashes","dropbox-design|terminology"
"What is **Sync cursor**?","Opaque token marking client's known metadata state","dropbox-design|terminology"
"What is **Delta sync**?","Transfer only changed blocks","dropbox-design|terminology"
"What is **CDC**?","Content-defined chunking—boundaries by content","dropbox-design|terminology"
"What is **Ref count**?","Number of file versions referencing a block","dropbox-design|terminology"
"What is **Tombstone**?","Deleted file marker in sync journal","dropbox-design|terminology"
"What is **Conflict copy**?","Duplicate file when merge impossible","dropbox-design|terminology"
"What is **Block manifest**?","Server record of file → blocks mapping","dropbox-design|terminology"
"What is **Long poll**?","Hold HTTP request until changes or timeout","dropbox-design|terminology"
"Summarize the core idea of **Dropbox Design**.","**Dropbox-class sync** keeps files consistent across devices and users through block-level deduplication, delta synchronization, conflict resolution, and a metadata service tracking file versions and folder hierarchy. Principal-level design covers **content-defined chunking**, **namespace sync protocol**, **offline clients**, **sharing and permissions**, and **notification** of remote changes.","dropbox-design|summary"
"What is **Feature flag / toggle**?","Runtime configurable switch","feature-flag-platform|terminology"
"What is **Variant**?","Possible return values","feature-flag-platform|terminology"
"What is **Evaluation**?","Resolve flag value for context","feature-flag-platform|terminology"
"What is **Bucketing**?","Assign user to percentage bucket","feature-flag-platform|terminology"
"What is **Targeting rule**?","Condition on attributes","feature-flag-platform|terminology"
"What is **Segment**?","Predefined user group","feature-flag-platform|terminology"
"What is **Impression**?","Record that flag was evaluated","feature-flag-platform|terminology"
"What is **Kill switch**?","Emergency off","feature-flag-platform|terminology"
"What is **SDK stream**?","SSE/WebSocket flag updates","feature-flag-platform|terminology"
"What is **Stale cache**?","SDK serving old flag state briefly","feature-flag-platform|terminology"
"What is **Prerequisite flag**?","Flag depends on another flag","feature-flag-platform|terminology"
"What is **Flag hygiene**?","Remove dead flags to reduce debt","feature-flag-platform|terminology"
"Summarize the core idea of **Feature Flag Platform**.","A **feature flag platform** enables runtime control of feature visibility, gradual rollouts, A/B experiments, and kill switches without redeploying application code. Principal-level design covers **evaluation latency**, **consistent bucketing**, **targeting rules**, **SDK caching**, **audit trails**, and **safe defaults** when the flag service is unavailable.","feature-flag-platform|summary"
"What is **Inode**?","Metadata record for file or directory","file-storage-system|terminology"
"What is **Blob / object**?","Content bytes in object store","file-storage-system|terminology"
"What is **Chunk**?","Fixed-size piece of large file","file-storage-system|terminology"
"What is **Multipart upload**?","Upload parts in parallel; commit manifest","file-storage-system|terminology"
"What is **Manifest**?","Ordered list of chunk IDs and hashes","file-storage-system|terminology"
"What is **Tombstone**?","Deleted marker pending GC","file-storage-system|terminology"
"What is **Erasure coding**?","Parity shards for storage efficiency","file-storage-system|terminology"
"What is **Presigned URL**?","Time-limited direct storage access","file-storage-system|terminology"
"What is **Materialized path**?","Full path string as key","file-storage-system|terminology"
"What is **Copy-on-write**?","Snapshot without duplicating data","file-storage-system|terminology"
"What is **Quota hard limit**?","Reject writes when exceeded","file-storage-system|terminology"
"Summarize the core idea of **File Storage System**.","A **file storage system** provides durable, hierarchical namespace semantics (files and directories) backed by scalable blob storage, serving applications that need POSIX-like or API-driven file operations without managing raw disks. Principal-level design covers **metadata separation** from content, **chunking large files**, **consistency models** for directory operations, **multi-tenancy**, **quota enforcement**, and **garbage collection** of orphaned blobs.","file-storage-system|summary"
"What is **MFT**?","Managed File Transfer—enterprise orchestration of file movement","global-file-transfer-platform|terminology"
"What is **Ingress**?","Entry point where files enter the platform","global-file-transfer-platform|terminology"
"What is **Egress**?","Delivery to destination (partner endpoint, bucket, filesystem)","global-file-transfer-platform|terminology"
"What is **Transfer job**?","Unit of work moving one logical file or batch","global-file-transfer-platform|terminology"
"What is **Chunk / part**?","Subdivision of file for parallel or resumable upload","global-file-transfer-platform|terminology"
"What is **Manifest**?","Metadata listing chunks, hashes, ordering","global-file-transfer-platform|terminology"
"What is **Checkpoint**?","Persisted progress enabling resume after failure","global-file-transfer-platform|terminology"
"What is **AS2**?","Applicability Statement 2—HTTP-based B2B with signing/encryption","global-file-transfer-platform|terminology"
"What is **SFTP**?","SSH File Transfer Protocol","global-file-transfer-platform|terminology"
"What is **Presigned URL**?","Time-limited direct upload/download to object storage","global-file-transfer-platform|terminology"
"What is **Data residency**?","Geographic constraint on data storage and processing","global-file-transfer-platform|terminology"
"What is **RPO/RTO**?","Recovery point/time objectives for metadata and blobs","global-file-transfer-platform|terminology"
"What is **DLQ**?","Dead-letter queue for failed jobs after max retries","global-file-transfer-platform|terminology"
"What is **mTLS**?","Mutual TLS—client and server certificate authentication","global-file-transfer-platform|terminology"
"Summarize the core idea of **Global File Transfer Platform**.","A **global file transfer platform** is an enterprise-grade system that moves large files reliably between organizations, business units, and cloud regions while satisfying security, compliance, and operational requirements that consumer file-sharing tools do not address. Typical workloads include batch data exchange with partners (B2B), internal ETL file drops, backup and disaster-recovery replication, media distribution, and regulated payloads (healthcare, financial, government) that demand enc","global-file-transfer-platform|summary"
"What is **Bucket**?","Container; globally unique name","global-object-store|terminology"
"What is **Object key**?","String identifier within bucket","global-object-store|terminology"
"What is **Shard / partition**?","Subset of keys on storage node set","global-object-store|terminology"
"What is **Erasure coding (k+m)**?","k data + m parity shards","global-object-store|terminology"
"What is **Quorum**?","Minimum replicas for read/write","global-object-store|terminology"
"What is **Placement group**?","Nodes that store one object's shards","global-object-store|terminology"
"What is **Read repair**?","Fix divergent replicas on read","global-object-store|terminology"
"What is **Scrubber**?","Background integrity verification","global-object-store|terminology"
"What is **CRR**?","Cross-region replication","global-object-store|terminology"
"What is **WORM**?","Write once read many—compliance mode","global-object-store|terminology"
"What is **Strong read-after-write**?","New object immediately visible","global-object-store|terminology"
"Summarize the core idea of **Global Object Store**.","A **global object store** provides durable, scalable key-value storage for unstructured blobs (photos, backups, logs, ML datasets) with REST APIs, multi-region replication, and 11-nines durability targets. Principal-level design covers **partitioning**, **quorum writes**, **erasure coding vs replication**, **strong vs eventual consistency models**, **lifecycle tiering**, and **multi-region active-active** tradeoffs.","global-object-store|summary"
"What is **IdP**?","Identity Provider—authenticates users","identity-platform|terminology"
"What is **SP**?","Service Provider—relies on IdP (SAML term)","identity-platform|terminology"
"What is **OIDC**?","OpenID Connect—identity layer on OAuth2","identity-platform|terminology"
"What is **SAML**?","XML federation standard for enterprise SSO","identity-platform|terminology"
"What is **CIAM**?","Customer Identity and Access Management","identity-platform|terminology"
"What is **SCIM**?","Cross-domain user provisioning protocol","identity-platform|terminology"
"What is **RBAC**?","Role-Based Access Control","identity-platform|terminology"
"What is **ABAC**?","Attribute-Based Access Control","identity-platform|terminology"
"What is **MFA**?","Multi-Factor Authentication","identity-platform|terminology"
"What is **Refresh token rotation**?","New refresh on each use; detect reuse","identity-platform|terminology"
"What is **JWKS**?","JSON Web Key Set for token verification","identity-platform|terminology"
"What is **Passkey**?","WebAuthn/FIDO2 passwordless credential","identity-platform|terminology"
"What is **B2B federation**?","Per-tenant enterprise IdP trust","identity-platform|terminology"
"Summarize the core idea of **Identity Platform**.","An **identity platform** is the authoritative system for **authentication** (proving who you are), **authorization** (what you may do), and **identity lifecycle** (provisioning, federation, offboarding) across workforce employees, customer users, and machine workloads. Modern platforms unify **Workforce Identity** (SSO via SAML/OIDC to corporate apps), **Customer Identity and Access Management (CIAM)** (registration, social login, MFA for B2C), and **machine identity** (SPIFFE, workload JWTs, se","identity-platform|summary"
"What is **Topic**?","Named stream of records","kafka-like-event-platform|terminology"
"What is **Partition**?","Ordered immutable log shard","kafka-like-event-platform|terminology"
"What is **Offset**?","Monotonic position in partition","kafka-like-event-platform|terminology"
"What is **Broker**?","Server storing partitions","kafka-like-event-platform|terminology"
"What is **Leader**?","Broker handling reads/writes for partition","kafka-like-event-platform|terminology"
"What is **Follower**?","Replica fetching from leader","kafka-like-event-platform|terminology"
"What is **ISR**?","In-sync replicas eligible for leader","kafka-like-event-platform|terminology"
"What is **Consumer group**?","Cooperative consumers sharing load","kafka-like-event-platform|terminology"
"What is **Rebalance**?","Partition reassignment among consumers","kafka-like-event-platform|terminology"
"What is **Retention**?","Time/size bound on log","kafka-like-event-platform|terminology"
"What is **Compaction**?","Keep latest record per key","kafka-like-event-platform|terminology"
"What is **HW (high watermark)**?","Offset visible to consumers","kafka-like-event-platform|terminology"
"What is **LEO**?","Log end offset on replica","kafka-like-event-platform|terminology"
"Summarize the core idea of **Kafka-like Event Platform**.","A **Kafka-like event platform** is a distributed commit log providing durable, ordered, partitioned streams for publish-subscribe messaging and stream processing at millions of events per second. Principal-level design covers **partition leadership**, **replication and ISR (in-sync replicas)**, **consumer groups**, **offset management**, **exactly-once semantics**, and **tiered storage**.","kafka-like-event-platform|summary"
"What is **TTFT**?","Time to first token in streaming response","llm-gateway|terminology"
"What is **TPOT**?","Time per output token","llm-gateway|terminology"
"What is **Token budget**?","Max tokens per period per tenant","llm-gateway|terminology"
"What is **Model alias**?","Logical name mapping to provider/model/version","llm-gateway|terminology"
"What is **Fallback chain**?","Ordered list when primary fails or slow","llm-gateway|terminology"
"What is **Semantic cache**?","Return similar prior prompt response","llm-gateway|terminology"
"What is **Guardrail**?","Policy filter on input/output","llm-gateway|terminology"
"What is **SSE**?","Server-Sent Events for stream chunks","llm-gateway|terminology"
"What is **Prompt injection**?","Adversarial input manipulating model behavior","llm-gateway|terminology"
"What is **Router**?","Component selecting backend per request","llm-gateway|terminology"
"What is **Chargeback**?","Cost allocation to consuming team","llm-gateway|terminology"
"What is **Eval gate**?","Quality benchmark before model rollout","llm-gateway|terminology"
"Summarize the core idea of **LLM Gateway**.","An **LLM gateway** is the enterprise control plane between applications and **large language model (LLM)** inference—whether self-hosted GPUs or third-party APIs (OpenAI, Anthropic, Bedrock). It centralizes **authentication**, **rate limiting and quotas**, **routing** across models and providers, **fallback chains**, **prompt/response policy** (PII redaction, content filters), **cost attribution**, and **observability** (tokens, latency, errors per tenant).","llm-gateway|summary"
"What is **Log shipper**?","Agent forwarding logs (Fluent Bit, Filebeat)","logging-platform|terminology"
"What is **Ingest pipeline**?","Parse, enrich, drop processors","logging-platform|terminology"
"What is **Index**?","Searchable collection (e.g., logs-2026.07.25)","logging-platform|terminology"
"What is **Shard**?","Lucene sub-index partition","logging-platform|terminology"
"What is **ILM**?","Index Lifecycle Management","logging-platform|terminology"
"What is **Hot/warm/cold**?","Storage tiers by access frequency","logging-platform|terminology"
"What is **Inverted index**?","Term → document mapping","logging-platform|terminology"
"What is **Schema-on-read**?","Parse at query time","logging-platform|terminology"
"What is **Bloated index**?","Too many analyzed fields","logging-platform|terminology"
"What is **Trace correlation**?","trace_id links logs to traces","logging-platform|terminology"
"What is **Sampling**?","Store subset at ingest","logging-platform|terminology"
"Summarize the core idea of **Logging Platform**.","A **logging platform** collects, indexes, stores, and queries semi-structured log events from distributed services at terabytes per day scale. Principal-level design covers **ingest pipelines**, **indexing strategies**, **hot/warm/cold tiering**, **schema-on-read vs schema-on-write**, **sampling and filtering**, and **compliance retention** with cost control.","logging-platform|summary"
"What is **Time series**?","Metric name + label set + timestamped values","metrics-platform|terminology"
"What is **Cardinality**?","Count of unique label combinations","metrics-platform|terminology"
"What is **Counter**?","Monotonically increasing value","metrics-platform|terminology"
"What is **Gauge**?","Point-in-time value","metrics-platform|terminology"
"What is **Histogram**?","Bucketed observations for percentiles","metrics-platform|terminology"
"What is **PromQL**?","Query language for metrics","metrics-platform|terminology"
"What is **Scrape**?","Pull metrics from /metrics endpoint","metrics-platform|terminology"
"What is **Remote write**?","Push ingest to central TSDB","metrics-platform|terminology"
"What is **TSDB block**?","Immutable compressed time chunk","metrics-platform|terminology"
"What is **Head block**?","In-memory recent samples","metrics-platform|terminology"
"What is **Recording rule**?","Precomputed query saved as metric","metrics-platform|terminology"
"What is **Exemplar**?","trace_id attached to histogram sample","metrics-platform|terminology"
"Summarize the core idea of **Metrics Platform**.","A **metrics platform** ingests, stores, queries, and alerts on time-series numerical measurements (counters, gauges, histograms) from applications and infrastructure at millions of samples per second. Principal-level design covers **data model** (labels and cardinality), **write path** (remote write, aggregation), **read path** (PromQL-style queries), **retention tiering**, **high availability**, and **multi-tenancy isolation**.","metrics-platform|summary"
"What is **Fan-out on write**?","Push post to each follower's feed cache","news-feed|terminology"
"What is **Fan-out on read**?","Merge followees' posts at request time","news-feed|terminology"
"What is **Celebrity / hot user**?","User with millions of followers","news-feed|terminology"
"What is **Timeline cache**?","Precomputed list of post IDs per user","news-feed|terminology"
"What is **Ranker**?","ML/heuristic scoring service","news-feed|terminology"
"What is **Candidate generation**?","Pool of posts eligible for feed","news-feed|terminology"
"What is **Write amplification**?","O(followers) work per post","news-feed|terminology"
"What is **Sharding**?","Partition by user_id","news-feed|terminology"
"Summarize the core idea of **News Feed**.","A **news feed** (home timeline) aggregates posts from followed users and ranked content into a personalized, scrollable stream. The canonical principal-level problem contrasts **fan-out on write** (push model) vs. **fan-out on read** (pull model), addresses the **celebrity problem**, and layers **ranking**, **caching**, and **eventual consistency** for social graphs at billions of requests per day.","news-feed|summary"
"What is **Transactional vs. marketing**?","Priority and compliance differ","notification-platform|terminology"
"What is **Fan-out**?","One event → many recipients","notification-platform|terminology"
"What is **Provider adapter**?","Channel-specific sender","notification-platform|terminology"
"What is **Suppression list**?","Emails/phones that must not receive","notification-platform|terminology"
"What is **Webhook**?","Provider callback for delivery/bounce","notification-platform|terminology"
"What is **DLQ**?","Dead-letter queue after max retries","notification-platform|terminology"
"What is **Idempotency key**?","Prevent duplicate sends","notification-platform|terminology"
"What is **Quiet hours**?","No push/SMS during user local night","notification-platform|terminology"
"What is **Outbox pattern**?","Reliable event → notify pipeline","notification-platform|terminology"
"Summarize the core idea of **Notification Platform**.","A **notification platform** delivers messages to users across channels—push, email, SMS, in-app—with templating, preference management, scheduling, and delivery tracking. Principal-level design addresses **fan-out at scale**, **provider abstraction**, **at-least-once delivery with idempotent consumers**, **regulatory compliance** (opt-out, quiet hours), and **priority queuing** without collapsing under marketing bursts.","notification-platform|summary"
"What is **PSP**?","Payment Service Provider","payment-platform|terminology"
"What is **Double-entry ledger**?","Debits = credits per transaction","payment-platform|terminology"
"What is **Authorization**?","Hold funds; not yet captured","payment-platform|terminology"
"What is **Capture**?","Settle authorized amount","payment-platform|terminology"
"What is **Idempotency key**?","Client-supplied dedup token","payment-platform|terminology"
"What is **PCI-DSS**?","Card data security standard","payment-platform|terminology"
"What is **Tokenization**?","Replace PAN with vault token","payment-platform|terminology"
"What is **Reconciliation**?","Match ledger to PSP settlement files","payment-platform|terminology"
"What is **Chargeback**?","Disputed reversal from issuer","payment-platform|terminology"
"What is **Saga**?","Multi-step txn with compensating actions","payment-platform|terminology"
"What is **Exactly-once effect**?","Idempotent retries achieve this semantically","payment-platform|terminology"
"Summarize the core idea of **Payment Platform**.","A **payment platform** processes money movement—charges, refunds, payouts—with **correctness**, **auditability**, and **regulatory compliance** paramount over raw throughput. Principal architects must design **double-entry ledgers**, **idempotent APIs**, **PCI scope minimization**, **reconciliation** with payment processors, and **saga-based** compensation for distributed transactions.","payment-platform|summary"
"What is **Geohash**?","Hierarchical spatial encoding string","ride-sharing-platform|terminology"
"What is **Quadtree**?","Recursive spatial subdivision","ride-sharing-platform|terminology"
"What is **H3**?","Uber's hexagonal hierarchical geospatial index","ride-sharing-platform|terminology"
"What is **Dispatch**?","Service assigning rides to drivers","ride-sharing-platform|terminology"
"What is **Supply heatmap**?","Driver density per area","ride-sharing-platform|terminology"
"What is **Surge multiplier**?","Price factor when demand &gt; supply","ride-sharing-platform|terminology"
"What is **Geofence**?","Polygon region for pricing/rules","ride-sharing-platform|terminology"
"What is **ETA**?","Estimated time of arrival","ride-sharing-platform|terminology"
"What is **Trip state machine**?","REQUESTED → MATCHED → PICKUP → ONTRIP → COMPLETE","ride-sharing-platform|terminology"
"What is **Offer timeout**?","Seconds driver has to accept","ride-sharing-platform|terminology"
"What is **Ghost driver**?","Stale GPS showing available but not","ride-sharing-platform|terminology"
"Summarize the core idea of **Ride Sharing Platform**.","A **ride-sharing platform** matches riders with nearby drivers in real time, manages trip lifecycle (request → match → pickup → dropoff → payment), and optimizes supply positioning. Principal-level design covers **geospatial indexing**, **matching algorithms**, **location streaming**, **ETA estimation**, **surge pricing**, and **consistency** under concurrent driver acceptance.","ride-sharing-platform|summary"
"What is **Typeahead**?","UI pattern showing suggestions while typing","search-autocomplete|terminology"
"What is **Prefix search**?","Match strings beginning with query prefix","search-autocomplete|terminology"
"What is **Trie**?","Tree structure where each edge is a character","search-autocomplete|terminology"
"What is **Compressed trie (radix tree)**?","Merged single-child paths for memory efficiency","search-autocomplete|terminology"
"What is **Edge n-gram**?","Token substrings indexed for prefix retrieval","search-autocomplete|terminology"
"What is **Top-K**?","K highest-ranked matching suggestions","search-autocomplete|terminology"
"What is **CTR**?","Click-through rate—selection / impression ratio","search-autocomplete|terminology"
"What is **Debounce**?","Client delay before sending request","search-autocomplete|terminology"
"What is **Singleflight**?","Coalesce concurrent identical requests","search-autocomplete|terminology"
"What is **Bloom filter**?","Probabilistic structure for existence checks","search-autocomplete|terminology"
"What is **Sponsored suggestion**?","Paid placement with disclosure","search-autocomplete|terminology"
"What is **Query log**?","Stream of prefixes and selected completions","search-autocomplete|terminology"
"Summarize the core idea of **Search Autocomplete**.","A **search autocomplete** (typeahead) system returns ranked prefix suggestions as a user types, typically within tens of milliseconds, across millions of queries per day. Principal-level design covers **prefix indexing** (trie, n-gram, or inverted index), **ranking** (popularity, personalization, freshness), **caching** at multiple tiers, **debouncing and request coalescing**, and **failure degradation** when the index or ranking service is slow.","search-autocomplete|summary"
"What is **Secret**?","Sensitive credential (password, key, token, cert)","secrets-management-platform|terminology"
"What is **Static secret**?","Pre-provisioned value with manual rotation","secrets-management-platform|terminology"
"What is **Dynamic secret**?","Generated on demand; auto-revoked at TTL","secrets-management-platform|terminology"
"What is **Lease**?","Time-bound grant to use a secret","secrets-management-platform|terminology"
"What is **KMS**?","Key Management Service—envelope encryption root","secrets-management-platform|terminology"
"What is **HSM**?","Hardware Security Module—root key protection","secrets-management-platform|terminology"
"What is **PKI**?","Public Key Infrastructure—certificate lifecycle","secrets-management-platform|terminology"
"What is **SPIFFE**?","Secure Production Identity Framework for Everyone","secrets-management-platform|terminology"
"What is **Break-glass**?","Emergency access with extra logging and approval","secrets-management-platform|terminology"
"What is **Shamir unseal**?","Split master key shares for vault bootstrap","secrets-management-platform|terminology"
"What is **Envelope encryption**?","DEK encrypted by KEK in KMS","secrets-management-platform|terminology"
"What is **Standing privilege**?","Persistent access—minimize via dynamic creds","secrets-management-platform|terminology"
"Summarize the core idea of **Secrets Management Platform**.","A **secrets management platform** is the centralized control plane for **credential lifecycle**—generation, storage, distribution, rotation, revocation, and audit—across applications, infrastructure, and human operators. Unlike configuration stores that hold non-sensitive settings, secrets platforms enforce **encryption at rest**, **least-privilege access**, **dynamic credentials** with short time-to-live (TTL), and **immutable audit logs** for every read and write.","secrets-management-platform|summary"
"What is **Functional requirement (FR)**?","What the system must do (features, APIs)","system-design-methodology|terminology"
"What is **Non-functional requirement (NFR)**?","How well: latency, availability, durability, compliance","system-design-methodology|terminology"
"What is **Back-of-envelope (BOE)**?","Order-of-magnitude capacity estimate","system-design-methodology|terminology"
"What is **Critical path**?","Sequence determining end-to-end latency or throughput","system-design-methodology|terminology"
"What is **Bottleneck**?","Resource limiting system capacity","system-design-methodology|terminology"
"What is **SLI/SLO/SLA**?","Indicator, objective, contractual agreement on reliability","system-design-methodology|terminology"
"What is **Blast radius**?","Scope of impact when a component fails","system-design-methodology|terminology"
"What is **CAP/PACELC**?","Frameworks for consistency-availability-latency tradeoffs","system-design-methodology|terminology"
"What is **Fitness function**?","Automated check that architecture constraints hold","system-design-methodology|terminology"
"What is **Strangler fig**?","Incremental migration pattern","system-design-methodology|terminology"
"What is **C4 model**?","Context, container, component, code documentation levels","system-design-methodology|terminology"
"What is **ADR**?","Architecture Decision Record","system-design-methodology|terminology"
"What is **MVP vs. target state**?","Minimum viable vs. long-term architecture","system-design-methodology|terminology"
"What is **Error budget**?","Allowed unreliability before feature freeze","system-design-methodology|terminology"
"Summarize the core idea of **System Design Methodology**.","**System design methodology** is the structured process principal architects use to translate ambiguous business problems into durable, operable distributed systems. Unlike junior interview exercises that optimize for drawing boxes quickly, principal-level design demands explicit **requirements elicitation**, **constraint surfacing**, **quantitative reasoning**, **failure-mode analysis**, and **organizational alignment** before committing to an architecture.","system-design-methodology|summary"
"What is **Alias / slug**?","Short path component (e.g., `abc12XY`)","url-shortener|terminology"
"What is **Long URL**?","Original destination","url-shortener|terminology"
"What is **301 vs. 302**?","Permanent vs. temporary redirect; affects SEO and cache","url-shortener|terminology"
"What is **Base62**?","Encoding using [A-Za-z0-9] for URL-safe IDs","url-shortener|terminology"
"What is **Snowflake ID**?","Time-ordered 64-bit ID from machine + sequence","url-shortener|terminology"
"What is **Cache-aside**?","App loads cache on miss, populates from DB","url-shortener|terminology"
"What is **Surrogate key**?","Internal ID distinct from public alias","url-shortener|terminology"
"What is **Click stream**?","Async events for analytics","url-shortener|terminology"
"What is **Custom domain**?","Tenant CNAME to shortener edge","url-shortener|terminology"
"What is **Bloom filter**?","Probabilistic ""alias exists"" check before DB","url-shortener|terminology"
"Summarize the core idea of **URL Shortener**.","A **URL shortener** maps long URLs to compact, shareable aliases and resolves those aliases with low latency on redirect. At principal level, the exercise tests whether you can separate **write path** (create short link, rare) from **read path** (redirect, dominant), choose an **ID generation strategy** without centralized bottlenecks, and reason about **cache hierarchy**, **analytics**, and **abuse** without over-engineering.","url-shortener|summary"
"What is **VOD**?","Video on demand","video-streaming-platform|terminology"
"What is **ABR**?","Adaptive bitrate—client switches quality","video-streaming-platform|terminology"
"What is **HLS**?","HTTP Live Streaming—Apple manifest format","video-streaming-platform|terminology"
"What is **DASH**?","Dynamic Adaptive Streaming over HTTP","video-streaming-platform|terminology"
"What is **Manifest / playlist**?","M3U8 listing segment URLs","video-streaming-platform|terminology"
"What is **Segment / chunk**?","2–6 second `.ts` or fMP4 fragment","video-streaming-platform|terminology"
"What is **Transcoding ladder**?","Set of resolutions/bitrates","video-streaming-platform|terminology"
"What is **Packager**?","Splits stream into segments + manifest","video-streaming-platform|terminology"
"What is **Origin**?","Source server CDN fetches from","video-streaming-platform|terminology"
"What is **LL-HLS**?","Low-latency HLS with partial segments","video-streaming-platform|terminology"
"What is **CMAF**?","Common Media Application Format","video-streaming-platform|terminology"
"What is **DRM**?","Digital rights management","video-streaming-platform|terminology"
"Summarize the core idea of **Video Streaming Platform**.","A **video streaming platform** delivers on-demand (VOD) and live video to global audiences with adaptive bitrate playback, minimal buffering, and cost-efficient bandwidth. Principal design spans **upload ingest**, **transcoding pipelines**, **CDN distribution**, **manifest-based streaming** (HLS/DASH), **live low-latency paths**, and **recommendation/metadata** services separate from the byte delivery path.","video-streaming-platform|summary"
"What is **Workflow**?","Durable function coordinating steps","workflow-engine|terminology"
"What is **Activity**?","Single unit of side-effecting work","workflow-engine|terminology"
"What is **Event history**?","Append-only log of workflow events","workflow-engine|terminology"
"What is **Replay**?","Re-execute workflow code from history","workflow-engine|terminology"
"What is **Task queue**?","Work distribution to workers","workflow-engine|terminology"
"What is **Signal**?","External async message to workflow","workflow-engine|terminology"
"What is **Query**?","Read-only workflow state without mutation","workflow-engine|terminology"
"What is **Timer**?","Durable sleep until deadline","workflow-engine|terminology"
"What is **Saga**?","Compensating transactions on failure","workflow-engine|terminology"
"What is **Run ID**?","Unique execution instance","workflow-engine|terminology"
"What is **Continue-as-new**?","Reset history for long workflows","workflow-engine|terminology"
"What is **Side effect**?","Non-deterministic op wrapped for replay","workflow-engine|terminology"
"Summarize the core idea of **Workflow Engine**.","A **workflow engine** orchestrates long-running, stateful business processes across distributed services with durability, retries, timers, and human tasks. Principal-level design covers **event sourcing of workflow history**, **deterministic replay**, **activity workers**, **saga compensation**, **versioning**, and **multi-tenant isolation**.","workflow-engine|summary"
"What is **ADR**?","Architecture Decision Record","architecture-decision-records|terminology"
"What is **Decision driver**?","Force shaping the choice (latency, cost, compliance)","architecture-decision-records|terminology"
"What is **Option**?","Viable alternative considered","architecture-decision-records|terminology"
"What is **Consequence**?","Positive and negative outcomes of a decision","architecture-decision-records|terminology"
"What is **Status**?","proposed \","architecture-decision-records|terminology"
"What is **Supersedes**?","Link to ADR this decision replaces","architecture-decision-records|terminology"
"What is **Y-statement**?","""In context X, facing Y, we decided Z to achieve W""","architecture-decision-records|terminology"
"What is **NFR**?","Non-functional requirement influencing decision","architecture-decision-records|terminology"
"What is **Fitness function**?","Automated check validating decision constraints","architecture-decision-records|terminology"
"What is **Architecture review board (ARB)**?","Group approving significant ADRs","architecture-decision-records|terminology"
"What is **RFC**?","Request for Comments—often broader than ADR","architecture-decision-records|terminology"
"What is **MADR**?","Markdown ADR template variant","architecture-decision-records|terminology"
"What is **Sustainable architectural decisions**?","Decisions that survive team changes (Zdun)","architecture-decision-records|terminology"
"Summarize the core idea of **Architecture Decision Records**.","An **Architecture Decision Record (ADR)** is a lightweight document that captures a single significant architectural decision together with its **context**, **drivers**, **considered options**, **chosen outcome**, **consequences**, and **status**. ADRs create an **audit trail** that outlasts chat threads, design reviews, and staff turnover—answering not only *what* was decided but *why alternatives were rejected* and *what tradeoffs the organization accepted*.","architecture-decision-records|summary"
"What is **ARB**?","Architecture Review Board","architecture-governance|terminology"
"What is **Guardrail**?","Mandatory constraint (e.g., mTLS internal)","architecture-governance|terminology"
"What is **Standard**?","Recommended pattern with approved implementations","architecture-governance|terminology"
"What is **Fitness function**?","Automated architectural compliance check","architecture-governance|terminology"
"What is **Exception / waiver**?","Documented temporary deviation","architecture-governance|terminology"
"What is **Tiered review**?","Depth scales with risk classification","architecture-governance|terminology"
"What is **Golden path**?","Default supported platform approach","architecture-governance|terminology"
"What is **Architecture runway**?","Pre-approved capacity for initiative class","architecture-governance|terminology"
"What is **Service catalog**?","Registry of systems and owners","architecture-governance|terminology"
"What is **Control framework**?","SOC2/ISO mapped technical controls","architecture-governance|terminology"
"What is **Principle**?","Durable guideline (e.g., ""prefer async integration"")","architecture-governance|terminology"
"What is **Sunset policy**?","End-of-life for deprecated standards","architecture-governance|terminology"
"Summarize the core idea of **Architecture Governance**.","**Architecture governance** is the set of processes, standards, and decision rights that ensure systems evolve coherently across teams without becoming a bottleneck or bureaucracy theater. Effective governance balances **guardrails** (non-negotiable security, reliability, compliance baselines) with **team autonomy** (local decisions within boundaries). It includes **architecture review boards (ARBs)**, **standards catalogs**, **ADR workflows**, **fitness functions** (automated architectural chec","architecture-governance|summary"
"What is **BLUF**?","Bottom Line Up Front—lead with conclusion","executive-communication|terminology"
"What is **Pyramid Principle**?","Structured communication from answer to supporting points","executive-communication|terminology"
"What is **OKR**?","Objectives and Key Results—alignment framework","executive-communication|terminology"
"What is **TCO**?","Total Cost of Ownership—multi-year cost view","executive-communication|terminology"
"What is **ROI**?","Return on Investment","executive-communication|terminology"
"What is **Risk register**?","Catalog of risks with likelihood, impact, mitigation","executive-communication|terminology"
"What is **Material risk**?","Significant enough for board disclosure (context-dependent)","executive-communication|terminology"
"What is **Decision memo**?","Written executive briefing with recommendation","executive-communication|terminology"
"What is **Pre-read**?","Document sent before meeting for async review","executive-communication|terminology"
"What is **Stakeholder map**?","Influence vs. interest grid for actors","executive-communication|terminology"
"What is **Confidence interval**?","Range expressing estimate uncertainty","executive-communication|terminology"
"What is **Phase gate**?","Milestone requiring approval to proceed","executive-communication|terminology"
"What is **Single-threaded owner**?","One accountable leader per initiative","executive-communication|terminology"
"Summarize the core idea of **Executive Communication**.","**Executive communication** is the discipline by which principal architects translate complex technical reality into **decisions executives can fund, defend, and measure**. Executives operate under constraints of **limited time**, **portfolio tradeoffs**, and **accountability to boards and markets**—they need clarity on risk, cost, timeline, and business outcome—not implementation minutiae unless it changes the decision.","executive-communication|summary"
"What is **Stakeholder**?","Anyone affected by or able to affect decision","influencing-without-authority|terminology"
"What is **RACI**?","Responsible, Accountable, Consulted, Informed","influencing-without-authority|terminology"
"What is **Organizational capital**?","Accumulated trust and goodwill","influencing-without-authority|terminology"
"What is **Coalition**?","Alliance of teams supporting initiative","influencing-without-authority|terminology"
"What is **Golden path**?","Easy default vs forced compliance","influencing-without-authority|terminology"
"What is **Disagree and commit**?","Dissent recorded; unified execution","influencing-without-authority|terminology"
"What is **Pre-read**?","Document reviewed before meeting","influencing-without-authority|terminology"
"What is **Six-page narrative**?","Amazon-style memo for depth","influencing-without-authority|terminology"
"What is **Pilot partner**?","Early adopter team for proof","influencing-without-authority|terminology"
"What is **Escalation**?","Raise decision when deadlock threatens outcomes","influencing-without-authority|terminology"
"What is **WIIFM**?","What's In It For Me—stakeholder lens","influencing-without-authority|terminology"
"What is **Social proof**?","Adoption evidence from peer teams","influencing-without-authority|terminology"
"Summarize the core idea of **Influencing Without Authority**.","**Influencing without authority** is the principal architect's core leadership skill: driving technical alignment, quality, and strategic outcomes across teams where you lack direct management control. Success depends on **credibility**, **relationship capital**, **clear articulation of shared interests**, **evidence-based persuasion**, and **negotiation**—not hierarchy, veto power, or winning arguments.","influencing-without-authority|summary"
"What is **Technical strategy**?","Long-horizon direction for systems and capabilities","technical-strategy-and-roadmaps|terminology"
"What is **Roadmap**?","Time-phased initiative plan with dependencies","technical-strategy-and-roadmaps|terminology"
"What is **Theme**?","Grouping of related investments (e.g., ""Enterprise Ready"")","technical-strategy-and-roadmaps|terminology"
"What is **Horizon**?","H1 (0–6mo), H2 (6–18mo), H3 (18mo+)","technical-strategy-and-roadmaps|terminology"
"What is **OKR**?","Objectives and Key Results","technical-strategy-and-roadmaps|terminology"
"What is **North-star metric**?","Primary outcome indicator","technical-strategy-and-roadmaps|terminology"
"What is **Platform investment**?","Shared capability benefiting multiple products","technical-strategy-and-roadmaps|terminology"
"What is **Tech debt register**?","Catalogued debt with impact and cost","technical-strategy-and-roadmaps|terminology"
"What is **Critical path**?","Longest dependency chain determining delivery","technical-strategy-and-roadmaps|terminology"
"What is **Kill criteria**?","Conditions to stop or pivot initiative","technical-strategy-and-roadmaps|terminology"
"What is **Fitness function**?","Automated guardrail for architectural goal","technical-strategy-and-roadmaps|terminology"
"What is **Opportunity cost**?","Foregone benefit of next-best alternative","technical-strategy-and-roadmaps|terminology"
"Summarize the core idea of **Technical Strategy and Roadmaps**.","**Technical strategy** defines how an organization will evolve its systems, platforms, and engineering capabilities over 12–36 months to achieve business outcomes—revenue growth, cost efficiency, risk reduction, and speed of delivery. A **technical roadmap** translates strategy into sequenced initiatives with dependencies, investment levels, measurable outcomes, and explicit **tradeoffs deferred or accepted**.","technical-strategy-and-roadmaps|summary"
"What is **FinOps**?","Cloud financial management practice and culture","cloud-cost-optimization|terminology"
"What is **Showback**?","Display costs to teams without charging","cloud-cost-optimization|terminology"
"What is **Chargeback**?","Internal billing to cost centers","cloud-cost-optimization|terminology"
"What is **Unit economics**?","Cost per business unit (per order, per user)","cloud-cost-optimization|terminology"
"What is **Rightsizing**?","Match instance type/size to actual utilization","cloud-cost-optimization|terminology"
"What is **Reserved Instance (RI)**?","Capacity commitment discount","cloud-cost-optimization|terminology"
"What is **Savings Plan (SP)**?","Flexible compute commitment (AWS)","cloud-cost-optimization|terminology"
"What is **Spot / Preemptible**?","Discounted interruptible capacity","cloud-cost-optimization|terminology"
"What is **TCO**?","Total Cost of Ownership including ops labor","cloud-cost-optimization|terminology"
"What is **Cost allocation tag**?","Metadata for attributing spend to team/product","cloud-cost-optimization|terminology"
"Summarize the core idea of **Cloud Cost Optimization**.","**Cloud cost optimization** is the practice of delivering required **performance, reliability, and security** at the **lowest effective spend**—not simply cutting bills. **FinOps** (Financial Operations) is the organizational model joining engineering, finance, and product to manage cloud as a **variable COGS** with **accountability**, **visibility**, and **forecasting**.","cloud-cost-optimization|summary"
"What is **Incident**?","Unplanned disruption or degradation","failure-analysis-methodology|terminology"
"What is **SEV**?","Severity classification","failure-analysis-methodology|terminology"
"What is **MTTD**?","Mean time to detect","failure-analysis-methodology|terminology"
"What is **MTTR**?","Mean time to recover","failure-analysis-methodology|terminology"
"What is **Timeline**?","Ordered events with timestamps (UTC)","failure-analysis-methodology|terminology"
"What is **Contributing factor**?","Condition that enabled or amplified failure","failure-analysis-methodology|terminology"
"What is **Root cause**?","Deepest actionable systemic gap (use plural mindset)","failure-analysis-methodology|terminology"
"What is **Proximate cause**?","Immediate trigger","failure-analysis-methodology|terminology"
"What is **Blast radius**?","Scope of impact","failure-analysis-methodology|terminology"
"What is **Five whys**?","Iterative why questioning","failure-analysis-methodology|terminology"
"What is **Fault tree**?","Logical diagram of failure paths","failure-analysis-methodology|terminology"
"What is **Change event**?","Deploy, flag, config, capacity change","failure-analysis-methodology|terminology"
"What is **Corrective action**?","Fix preventing recurrence class","failure-analysis-methodology|terminology"
"Summarize the core idea of **Failure Analysis Methodology**.","**Failure analysis methodology** is the disciplined process of investigating production incidents to determine **what happened**, **why it was possible**, and **what will change**—without collapsing into single-root-cause mythology or blame assignment. Principal architects lead analyses that treat systems as **socio-technical**: code, configuration, process, incentives, and organizational constraints all contribute.","failure-analysis-methodology|summary"
"What is **Postmortem (PM)**?","Written incident learning document","postmortem-culture|terminology"
"What is **Blameless**?","Focus on systems not individual fault","postmortem-culture|terminology"
"What is **Just culture**?","Proportionate response to behavior vs error","postmortem-culture|terminology"
"What is **SEV review**?","Regular meeting reviewing incidents","postmortem-culture|terminology"
"What is **Near-miss**?","Incident potential without customer impact","postmortem-culture|terminology"
"What is **Action item**?","Owned corrective task from PM","postmortem-culture|terminology"
"What is **Learning review**?","Alternative term avoiding ""postmortem"" morbidity","postmortem-culture|terminology"
"What is **Facilitator**?","Neutral meeting leader","postmortem-culture|terminology"
"What is **Psychological safety**?","Ability to speak up without fear","postmortem-culture|terminology"
"What is **Hero culture**?","Reliance on individual heroics vs systems","postmortem-culture|terminology"
"What is **Write-only PM**?","Document filed but not acted upon","postmortem-culture|terminology"
"What is **Premortem**?","Pre-mortem risk exercise before launch","postmortem-culture|terminology"
"Summarize the core idea of **Postmortem Culture**.","**Postmortem culture** is the organizational practice of learning from production failures through **blameless**, **transparent**, and **action-oriented** reviews. A postmortem document captures incident impact, timeline, contributing factors, what went well, what went poorly, and corrective actions—but culture is the **shared belief** that revealing mistakes improves the system faster than hiding them.","postmortem-culture|summary"
"What is **MFT**?","Managed File Transfer—enterprise orchestrated file movement","enterprise-file-transfer-stories|terminology"
"What is **Partner cutoff**?","Deadline by which files must arrive (e.g., 06:00 UTC)","enterprise-file-transfer-stories|terminology"
"What is **SLA window**?","Contractual delivery interval","enterprise-file-transfer-stories|terminology"
"What is **Checkpoint**?","Persisted byte offset enabling resume","enterprise-file-transfer-stories|terminology"
"What is **Dead letter**?","Failed transfer requiring operator intervention","enterprise-file-transfer-stories|terminology"
"What is **Replay**?","Idempotent re-execution of transfer job","enterprise-file-transfer-stories|terminology"
"What is **Manifest**?","Chunk list with hashes for composite integrity","enterprise-file-transfer-stories|terminology"
"What is **Data residency**?","Geographic constraint on processing/storage","enterprise-file-transfer-stories|terminology"
"Summarize the core idea of **Enterprise File Transfer Stories**.","**Managed file transfer (MFT)** and global file exchange platforms are common principal-architect domains in banking, healthcare, retail, and B2B integration. Behavioral interviews probe whether you have **owned production-scale file movement**—partner SLAs, compliance audits, multi-region durability, and incident response—without requiring candidates to disclose employer confidential details.","enterprise-file-transfer-stories|summary"
"What is **Leadership Principle**?","Amazon's enumerated leadership values (16)","leadership-principles|terminology"
"What is **Functional competency**?","Technical/role skill (separate from LP)","leadership-principles|terminology"
"What is **Bar Raiser**?","Calibrated interviewer protecting hiring bar","leadership-principles|terminology"
"What is **Scope**?","Organizational reach of impact","leadership-principles|terminology"
"What is **Mechanism**?","Repeatable system producing results","leadership-principles|terminology"
"What is **Correction of Error (COE)**?","Amazon post-incident learning doc","leadership-principles|terminology"
"What is **Single-threaded owner**?","One accountable leader per initiative","leadership-principles|terminology"
"Summarize the core idea of **Leadership Principles for Principal Interviews**.","**Leadership Principles (LPs)** are explicit values used—most famously by Amazon—to evaluate candidates at every level. For **Principal Engineer** and **Principal Architect** roles, LP interviews are not soft screenings; they are **bar calibration** instruments that assess judgment, scope, ownership, and cultural fit alongside technical loops.","leadership-principles|summary"
"What is **STAR**?","Situation, Task, Action, Result","star-story-framework|terminology"
"What is **STAR+R**?","Adds Reflection (lessons, what you'd do differently)","star-story-framework|terminology"
"What is **CAR**?","Context, Action, Result (alternate acronym)","star-story-framework|terminology"
"What is **Hook**?","Detail inviting follow-up (""happy to go deeper on the migration cutover"")","star-story-framework|terminology"
"What is **Scope marker**?","Phrase clarifying organizational reach","star-story-framework|terminology"
"What is **Metric anchor**?","Quantified outcome (latency, cost, incidents, revenue risk)","star-story-framework|terminology"
"What is **Story index**?","Spreadsheet mapping stories to LPs/themes","star-story-framework|terminology"
"What is **Bar Raiser drill**?","Repeated ""why?"" and ""what if?"" probing","star-story-framework|terminology"
"Summarize the core idea of **STAR Story Framework**.","The **STAR framework** (Situation, Task, Action, Result) is the standard structure for behavioral interviews at principal and distinguished engineer levels. At senior IC bar, STAR is necessary but not sufficient—panels expect **scope**, **metrics**, **tradeoffs**, **stakeholder complexity**, and **lessons learned** that demonstrate repeated judgment, not one-off heroics.","star-story-framework|summary"
"What is **Safety**?","Nothing bad happens (e.g., no split brain writes)","distributed-systems-mock|terminology"
"What is **Liveness**?","Something good eventually happens (e.g., election completes)","distributed-systems-mock|terminology"
"What is **Linearizability**?","Strongest single-object consistency","distributed-systems-mock|terminology"
"What is **Quorum**?","Minimum replicas for read/write","distributed-systems-mock|terminology"
"What is **Fencing token**?","Monotonic token preventing stale primary writes","distributed-systems-mock|terminology"
"What is **Leader election**?","Choosing coordinator replica","distributed-systems-mock|terminology"
"What is **Heartbeats**?","Periodic signals for failure detection","distributed-systems-mock|terminology"
"What is **Split brain**?","Two leaders believing both are primary","distributed-systems-mock|terminology"
"Summarize the core idea of **Distributed Systems Mock Interview**.","The **distributed systems mock interview** simulates principal-level technical depth probes: consistency models, consensus, replication, partitioning, failure detection, and operational recovery. Unlike broad system design mocks, this format emphasizes **mechanism correctness**, **safety and liveness properties**, and **partition behavior**—skills tested heavily at Google, Amazon AWS, Snowflake, NVIDIA, and OpenAI infrastructure loops.","distributed-systems-mock|summary"
"What is **Strong Hire**?","Clear exceed bar; committee would advocate","mock-interview-rubric|terminology"
"What is **Hire**?","Meets bar with minor gaps","mock-interview-rubric|terminology"
"What is **Lean Hire**?","Meets bar barely; mixed signals","mock-interview-rubric|terminology"
"What is **Lean No Hire**?","Below bar in key dimension","mock-interview-rubric|terminology"
"What is **No Hire**?","Clear fail","mock-interview-rubric|terminology"
"What is **Dimension**?","Scorable aspect (e.g., depth, communication)","mock-interview-rubric|terminology"
"What is **Signal**?","Observable evidence in session","mock-interview-rubric|terminology"
"What is **Calibration**?","Aligning scores across mock interviewers","mock-interview-rubric|terminology"
"Summarize the core idea of **Mock Interview Rubric**.","A **mock interview rubric** is a structured scoring framework that simulates hiring committee calibration for principal architect loops. Without explicit rubrics, practice sessions devolve into vague feedback (""good job""). With rubrics, candidates and mock interviewers align on **hire bar**, **level signals**, and **improvement priorities** across system design, distributed systems, behavioral, and architecture leadership dimensions.","mock-interview-rubric|summary"
"What is **Functional requirements**?","Features system must provide","system-design-mock|terminology"
"What is **Non-functional requirements**?","Latency, availability, scale, consistency","system-design-mock|terminology"
"What is **Back-of-envelope**?","Order-of-magnitude estimate","system-design-mock|terminology"
"What is **Hot path**?","Critical latency-sensitive request flow","system-design-mock|terminology"
"What is **Fan-out**?","One write/read triggers many downstream ops","system-design-mock|terminology"
"What is **Shard key**?","Partition dimension","system-design-mock|terminology"
"What is **Cache aside**?","App-managed cache population","system-design-mock|terminology"
"What is **Idempotency key**?","Client token for safe retries","system-design-mock|terminology"
"What is **Error budget**?","Allowed unreliability per SLO period","system-design-mock|terminology"
"Summarize the core idea of **System Design Mock Interview**.","The **system design mock interview** is the centerpiece of principal architect hiring loops. A 45–60 minute session tests whether you can **clarify ambiguous requirements**, **architect scalable components**, **deep dive under pressure**, and **discuss failure, security, cost, and evolution**—not merely recite familiar diagrams.","system-design-mock|summary"
